电芯编号,电芯文件夹,文件数量,成功读取文件数,通过筛选的 SOH 数量,初始 SOH,最终 SOH,SOH 覆盖范围,SOH 覆盖跨度,温度,工况,是否存在缺失或异常,异常说明,最终 SOH 分组,工况分组
3,METABatt_Sony_Murata_18650VTC6_003,28,28,0,96.1,76.0,76.0–96.1,20.099999999999994,24.88–30.31,"PUL, PAU",True,未通过三 SOC/四脉冲筛选的 SOH 阶段 28 个,75–80,"PUL, PAU"
4,METABatt_Sony_Murata_18650VTC6_004,30,30,12,97.1,59.2,59.2–97.1,37.89999999999999,24.62–25.88,"PUL, PAU",True,未通过三 SOC/四脉冲筛选的 SOH 阶段 18 个,≤60,"PUL, PAU"
5,METABatt_Sony_Murata_18650VTC6_005,28,28,27,96.3,74.3,74.3–96.3,22.0,24.88–29.12,"PUL, PAU",True,未通过三 SOC/四脉冲筛选的 SOH 阶段 1 个,70–75,"PUL, PAU"
6,METABatt_Sony_Murata_18650VTC6_006,27,27,25,96.0,73.3,73.3–96.0,22.700000000000003,24.69–29.44,"PUL, PAU",True,未通过三 SOC/四脉冲筛选的 SOH 阶段 2 个,70–75,"PUL, PAU"
7,METABatt_Sony_Murata_18650VTC6_007,24,24,24,96.2,77.5,77.5–96.2,18.700000000000003,24.94–29.19,"PUL, PAU",False,无,75–80,"PUL, PAU"
8,METABatt_Sony_Murata_18650VTC6_008,28,27,0,96.3,63.7,63.7–96.3,32.599999999999994,24.69–30.19,"PUL, PAU",True,无法使用的文件 1 个；未通过三 SOC/四脉冲筛选的 SOH 阶段 26 个,60–70,"PUL, PAU"
9,METABatt_Sony_Murata_18650VTC6_009,5,5,5,94.0,86.1,86.1–94.0,7.900000000000006,24.31–25.44,"PUL, PAU",False,无,85–90,"PUL, PAU"
10,METABatt_Sony_Murata_18650VTC6_010,27,27,20,96.2,69.6,69.6–96.2,26.60000000000001,24.81–29.38,"PUL, PAU",True,未通过三 SOC/四脉冲筛选的 SOH 阶段 7 个,60–70,"PUL, PAU"
11,METABatt_Sony_Murata_18650VTC6_011,26,26,25,96.0,76.7,76.7–96.0,19.299999999999997,24.81–29.69,"PUL, PAU",True,未通过三 SOC/四脉冲筛选的 SOH 阶段 1 个,75–80,"PUL, PAU"
14,METABatt_Sony_Murata_18650VTC6_014,14,14,14,96.1,78.1,78.1–96.1,18.0,24.56–36.19,"PUL, PAU",False,无,75–80,"PUL, PAU"
15,METABatt_Sony_Murata_18650VTC6_015,30,30,11,95.8,58.2,58.2–95.8,37.599999999999994,24.50–25.69,"PUL, PAU",True,未通过三 SOC/四脉冲筛选的 SOH 阶段 18 个,≤60,"PUL, PAU"
16,METABatt_Sony_Murata_18650VTC6_016,28,27,8,96.0,61.8,61.8–96.0,34.2,24.62–29.75,"PUL, PAU",True,无法使用的文件 1 个；未通过三 SOC/四脉冲筛选的 SOH 阶段 17 个,60–70,"PUL, PAU"
17,METABatt_Sony_Murata_18650VTC6_017,5,5,5,96.1,93.3,93.3–96.1,2.799999999999997,24.25–25.56,"PUL, PAU",False,无,90–95,"PUL, PAU"
18,METABatt_Sony_Murata_18650VTC6_018,6,6,6,96.4,91.6,91.6–96.4,4.800000000000011,24.25–25.88,"PUL, PAU",False,无,90–95,"PUL, PAU"
19,METABatt_Sony_Murata_18650VTC6_019,5,5,5,96.3,91.6,91.6–96.3,4.700000000000003,24.31–25.81,"PUL, PAU",False,无,90–95,"PUL, PAU"
20,METABatt_Sony_Murata_18650VTC6_020,22,22,19,96.2,72.7,72.7–96.2,23.5,20.06–26.00,"PUL, PAU",True,未通过三 SOC/四脉冲筛选的 SOH 阶段 3 个,70–75,"PUL, PAU"
21,METABatt_Sony_Murata_18650VTC6_021,30,30,18,96.2,65.6,65.6–96.2,30.60000000000001,24.56–25.94,"PUL, PAU",True,未通过三 SOC/四脉冲筛选的 SOH 阶段 12 个,60–70,"PUL, PAU"
22,METABatt_Sony_Murata_18650VTC6_022,28,28,26,96.1,73.7,73.7–96.1,22.39999999999999,24.81–29.38,"PUL, PAU",True,未通过三 SOC/四脉冲筛选的 SOH 阶段 2 个,70–75,"PUL, PAU"
23,METABatt_Sony_Murata_18650VTC6_023,30,30,11,95.8,58.9,58.9–95.8,36.9,24.56–26.31,"PUL, PAU",True,未通过三 SOC/四脉冲筛选的 SOH 阶段 18 个,≤60,"PUL, PAU"
24,METABatt_Sony_Murata_18650VTC6_024,27,27,17,96.5,67.1,67.1–96.5,29.400000000000006,23.94–28.19,"PUL, PAU",True,未通过三 SOC/四脉冲筛选的 SOH 阶段 10 个,60–70,"PUL, PAU"
25,METABatt_Sony_Murata_18650VTC6_025,30,30,14,95.8,65.1,65.1–95.8,30.700000000000003,23.19–25.75,"PUL, PAU",True,未通过三 SOC/四脉冲筛选的 SOH 阶段 16 个,60–70,"PUL, PAU"
26,METABatt_Sony_Murata_18650VTC6_026,30,30,22,95.5,67.0,67.0–95.5,28.5,24.94–26.00,"PUL, PAU",True,未通过三 SOC/四脉冲筛选的 SOH 阶段 7 个,60–70,"PUL, PAU"
27,METABatt_Sony_Murata_18650VTC6_027,28,28,27,96.2,74.2,74.2–96.2,22.0,24.81–29.00,"PUL, PAU",True,未通过三 SOC/四脉冲筛选的 SOH 阶段 1 个,70–75,"PUL, PAU"
29,METABatt_Sony_Murata_18650VTC6_029,27,27,0,96.2,61.6,61.6–96.2,34.6,24.12–29.19,"PUL, PAU",True,未通过三 SOC/四脉冲筛选的 SOH 阶段 26 个,60–70,"PUL, PAU"
31,METABatt_Sony_Murata_18650VTC6_031,30,30,0,95.9,58.2,58.2–95.9,37.7,24.75–26.75,"PUL, PAU",True,未通过三 SOC/四脉冲筛选的 SOH 阶段 30 个,≤60,"PUL, PAU"
32,METABatt_Sony_Murata_18650VTC6_032,30,30,14,95.8,55.8,55.8–95.8,40.0,24.38–26.00,"PUL, PAU",True,未通过三 SOC/四脉冲筛选的 SOH 阶段 14 个,≤60,"PUL, PAU"
33,METABatt_Sony_Murata_18650VTC6_033,28,28,24,96.3,72.4,72.4–96.3,23.89999999999999,24.69–29.31,"PUL, PAU",True,未通过三 SOC/四脉冲筛选的 SOH 阶段 4 个,70–75,"PUL, PAU"
34,METABatt_Sony_Murata_18650VTC6_034,28,28,16,96.4,59.0,59.0–96.4,37.400000000000006,23.94–28.25,"PUL, PAU",True,未通过三 SOC/四脉冲筛选的 SOH 阶段 12 个,≤60,"PUL, PAU"
35,METABatt_Sony_Murata_18650VTC6_035,28,28,28,96.6,79.9,79.9–96.6,16.69999999999999,23.88–28.88,"PUL, PAU",False,无,75–80,"PUL, PAU"
36,METABatt_Sony_Murata_18650VTC6_036,30,30,0,96.0,58.2,58.2–96.0,37.8,24.62–26.62,"PUL, PAU",True,未通过三 SOC/四脉冲筛选的 SOH 阶段 30 个,≤60,"PUL, PAU"
37,METABatt_Sony_Murata_18650VTC6_037,28,28,16,96.6,65.4,65.4–96.6,31.19999999999999,24.00–28.44,"PUL, PAU",True,未通过三 SOC/四脉冲筛选的 SOH 阶段 12 个,60–70,"PUL, PAU"
38,METABatt_Sony_Murata_18650VTC6_038,28,28,16,96.4,66.8,66.8–96.4,29.60000000000001,24.06–28.38,"PUL, PAU",True,未通过三 SOC/四脉冲筛选的 SOH 阶段 12 个,60–70,"PUL, PAU"
39,METABatt_Sony_Murata_18650VTC6_039,30,30,0,96.3,57.9,57.9–96.3,38.4,24.62–26.56,"PUL, PAU",True,未通过三 SOC/四脉冲筛选的 SOH 阶段 30 个,≤60,"PUL, PAU"
40,METABatt_Sony_Murata_18650VTC6_040,30,30,0,95.9,55.0,55.0–95.9,40.900000000000006,24.50–26.50,"PUL, PAU",True,未通过三 SOC/四脉冲筛选的 SOH 阶段 30 个,≤60,"PUL, PAU"
41,METABatt_Sony_Murata_18650VTC6_041,32,28,15,96.6,57.7,57.7–96.6,38.89999999999999,24.00–28.44,"PUL, PAU",True,无法使用的文件 4 个；未通过三 SOC/四脉冲筛选的 SOH 阶段 13 个,≤60,"PUL, PAU"
42,METABatt_Sony_Murata_18650VTC6_042,28,28,16,96.4,59.0,59.0–96.4,37.400000000000006,23.88–28.62,"PUL, PAU",True,未通过三 SOC/四脉冲筛选的 SOH 阶段 12 个,≤60,"PUL, PAU"
43,METABatt_Sony_Murata_18650VTC6_043,26,26,26,96.4,79.9,79.9–96.4,16.5,23.88–28.31,"PUL, PAU",False,无,75–80,"PUL, PAU"
44,METABatt_Sony_Murata_18650VTC6_044,28,28,15,96.4,58.3,58.3–96.4,38.10000000000001,23.81–28.56,"PUL, PAU",True,未通过三 SOC/四脉冲筛选的 SOH 阶段 13 个,≤60,"PUL, PAU"
45,METABatt_Sony_Murata_18650VTC6_045,28,28,0,96.1,60.2,60.2–96.1,35.89999999999999,24.94–30.31,"PUL, PAU",True,未通过三 SOC/四脉冲筛选的 SOH 阶段 28 个,60–70,"PUL, PAU"
46,METABatt_Sony_Murata_18650VTC6_046,28,28,24,96.2,72.3,72.3–96.2,23.900000000000006,24.88–29.06,"PUL, PAU",True,未通过三 SOC/四脉冲筛选的 SOH 阶段 4 个,70–75,"PUL, PAU"
47,METABatt_Sony_Murata_18650VTC6_047,25,25,25,96.0,77.3,77.3–96.0,18.700000000000003,24.88–29.81,"PUL, PAU",False,无,75–80,"PUL, PAU"
48,METABatt_Sony_Murata_18650VTC6_048,28,28,19,96.3,67.7,67.7–96.3,28.599999999999994,24.56–29.50,"PUL, PAU",True,未通过三 SOC/四脉冲筛选的 SOH 阶段 9 个,60–70,"PUL, PAU"
49,METABatt_Sony_Murata_18650VTC6_049,26,26,0,96.5,59.3,59.3–96.5,37.2,24.06–27.50,"PUL, PAU",True,未通过三 SOC/四脉冲筛选的 SOH 阶段 26 个,≤60,"PUL, PAU"
51,METABatt_Sony_Murata_18650VTC6_051,27,27,14,97.1,63.4,63.4–97.1,33.699999999999996,22.25–25.75,"PUL, PAU",True,未通过三 SOC/四脉冲筛选的 SOH 阶段 13 个,60–70,"PUL, PAU"
52,METABatt_Sony_Murata_18650VTC6_052,27,27,0,97.1,64.6,64.6–97.1,32.5,21.94–26.00,"PUL, PAU",True,未通过三 SOC/四脉冲筛选的 SOH 阶段 27 个,60–70,"PUL, PAU"
53,METABatt_Sony_Murata_18650VTC6_053,28,28,19,96.1,69.8,69.8–96.1,26.299999999999997,24.00–27.94,"PUL, PAU",True,未通过三 SOC/四脉冲筛选的 SOH 阶段 9 个,60–70,"PUL, PAU"
55,METABatt_Sony_Murata_18650VTC6_055,22,22,21,95.6,74.3,74.3–95.6,21.299999999999997,19.69–25.69,"PUL, PAU",True,未通过三 SOC/四脉冲筛选的 SOH 阶段 1 个,70–75,"PUL, PAU"
56,METABatt_Sony_Murata_18650VTC6_056,28,28,24,95.8,72.4,72.4–95.8,23.39999999999999,24.38–29.12,"PUL, PAU",True,未通过三 SOC/四脉冲筛选的 SOH 阶段 4 个,70–75,"PUL, PAU"
57,METABatt_Sony_Murata_18650VTC6_057,27,27,0,97.0,65.5,65.5–97.0,31.5,22.25–26.56,"PUL, PAU",True,未通过三 SOC/四脉冲筛选的 SOH 阶段 27 个,60–70,"PUL, PAU"
58,METABatt_Sony_Murata_18650VTC6_058,29,28,0,95.7,73.0,73.0–95.7,22.700000000000003,24.69–30.00,"PUL, PAU",True,无法使用的文件 1 个；未通过三 SOC/四脉冲筛选的 SOH 阶段 28 个,70–75,"PUL, PAU"
59,METABatt_Sony_Murata_18650VTC6_059,28,28,28,96.3,74.9,74.9–96.3,21.39999999999999,24.12–27.62,"PUL, PAU",False,无,70–75,"PUL, PAU"
60,METABatt_Sony_Murata_18650VTC6_060,28,28,0,96.1,58.3,58.3–96.1,37.8,24.06–28.94,"PUL, PAU",True,未通过三 SOC/四脉冲筛选的 SOH 阶段 28 个,≤60,"PUL, PAU"
61,METABatt_Sony_Murata_18650VTC6_061,28,28,16,96.0,60.9,60.9–96.0,35.1,24.56–29.19,"PUL, PAU",True,未通过三 SOC/四脉冲筛选的 SOH 阶段 12 个,60–70,"PUL, PAU"
62,METABatt_Sony_Murata_18650VTC6_062,27,27,14,97.0,63.3,63.3–97.0,33.7,22.31–25.25,"PUL, PAU",True,未通过三 SOC/四脉冲筛选的 SOH 阶段 13 个,60–70,"PUL, PAU"
63,METABatt_Sony_Murata_18650VTC6_063,28,28,24,95.9,72.3,72.3–95.9,23.60000000000001,23.75–27.69,"PUL, PAU",True,未通过三 SOC/四脉冲筛选的 SOH 阶段 4 个,70–75,"PUL, PAU"
65,METABatt_Sony_Murata_18650VTC6_065,28,28,26,95.9,73.6,73.6–95.9,22.30000000000001,24.62–28.88,"PUL, PAU",True,未通过三 SOC/四脉冲筛选的 SOH 阶段 2 个,70–75,"PUL, PAU"
66,METABatt_Sony_Murata_18650VTC6_066,28,28,25,95.8,73.1,73.1–95.8,22.700000000000003,24.88–29.06,"PUL, PAU",True,未通过三 SOC/四脉冲筛选的 SOH 阶段 3 个,70–75,"PUL, PAU"
67,METABatt_Sony_Murata_18650VTC6_067,27,27,27,96.0,79.5,79.5–96.0,16.5,24.12–28.44,"PUL, PAU",False,无,75–80,"PUL, PAU"
68,METABatt_Sony_Murata_18650VTC6_068,27,27,23,95.9,72.3,72.3–95.9,23.60000000000001,24.88–29.38,"PUL, PAU",True,未通过三 SOC/四脉冲筛选的 SOH 阶段 4 个,70–75,"PUL, PAU"
69,METABatt_Sony_Murata_18650VTC6_069,28,28,27,95.7,74.4,74.4–95.7,21.299999999999997,24.56–29.25,"PUL, PAU",True,未通过三 SOC/四脉冲筛选的 SOH 阶段 1 个,70–75,"PUL, PAU"
70,METABatt_Sony_Murata_18650VTC6_070,28,28,20,96.2,69.9,69.9–96.2,26.299999999999997,23.88–28.12,"PUL, PAU",True,未通过三 SOC/四脉冲筛选的 SOH 阶段 8 个,60–70,"PUL, PAU"
71,METABatt_Sony_Murata_18650VTC6_071,28,28,22,96.2,71.3,71.3–96.2,24.900000000000006,23.81–28.25,"PUL, PAU",True,未通过三 SOC/四脉冲筛选的 SOH 阶段 6 个,70–75,"PUL, PAU"
72,METABatt_Sony_Murata_18650VTC6_072,27,27,15,96.8,64.6,64.6–96.8,32.2,22.06–25.50,"PUL, PAU",True,未通过三 SOC/四脉冲筛选的 SOH 阶段 12 个,60–70,"PUL, PAU"
73,METABatt_Sony_Murata_18650VTC6_073,27,27,22,96.9,72.3,72.3–96.9,24.60000000000001,21.94–25.81,"PUL, PAU",True,未通过三 SOC/四脉冲筛选的 SOH 阶段 5 个,70–75,"PUL, PAU"
74,METABatt_Sony_Murata_18650VTC6_074,27,27,15,96.9,65.8,65.8–96.9,31.10000000000001,22.00–25.50,"PUL, PAU",True,未通过三 SOC/四脉冲筛选的 SOH 阶段 12 个,60–70,"PUL, PAU"
75,METABatt_Sony_Murata_18650VTC6_075,28,28,23,95.8,71.9,71.9–95.8,23.89999999999999,24.62–28.88,"PUL, PAU",True,未通过三 SOC/四脉冲筛选的 SOH 阶段 5 个,70–75,"PUL, PAU"
76,METABatt_Sony_Murata_18650VTC6_076,28,28,0,96.0,78.5,78.5–96.0,17.5,24.06–28.94,"PUL, PAU",True,未通过三 SOC/四脉冲筛选的 SOH 阶段 28 个,75–80,"PUL, PAU"
77,METABatt_Sony_Murata_18650VTC6_077,28,28,21,95.7,70.3,70.3–95.7,25.400000000000006,24.56–29.19,"PUL, PAU",True,未通过三 SOC/四脉冲筛选的 SOH 阶段 7 个,70–75,"PUL, PAU"
78,METABatt_Sony_Murata_18650VTC6_078,24,24,24,95.7,76.8,76.8–95.7,18.900000000000006,24.69–28.94,"PUL, PAU",False,无,75–80,"PUL, PAU"
79,METABatt_Sony_Murata_18650VTC6_079,27,27,0,96.7,65.7,65.7–96.7,31.0,21.94–26.38,"PUL, PAU",True,未通过三 SOC/四脉冲筛选的 SOH 阶段 27 个,60–70,"PUL, PAU"
80,METABatt_Sony_Murata_18650VTC6_080,27,27,14,97.0,63.3,63.3–97.0,33.7,22.06–25.75,"PUL, PAU",True,未通过三 SOC/四脉冲筛选的 SOH 阶段 13 个,60–70,"PUL, PAU"
81,METABatt_Sony_Murata_18650VTC6_081,28,28,0,95.6,63.5,63.5–95.6,32.099999999999994,24.81–30.44,"PUL, PAU",True,未通过三 SOC/四脉冲筛选的 SOH 阶段 28 个,60–70,"PUL, PAU"
82,METABatt_Sony_Murata_18650VTC6_082,28,28,21,96.2,70.5,70.5–96.2,25.700000000000003,23.75–28.25,"PUL, PAU",True,未通过三 SOC/四脉冲筛选的 SOH 阶段 7 个,70–75,"PUL, PAU"
83,METABatt_Sony_Murata_18650VTC6_083,29,29,25,96.1,72.5,72.5–96.1,23.599999999999994,23.75–27.50,"PUL, PAU",True,未通过三 SOC/四脉冲筛选的 SOH 阶段 4 个,70–75,"PUL, PAU"
84,METABatt_Sony_Murata_18650VTC6_084,19,19,10,97.7,64.1,64.1–97.7,33.60000000000001,23.94–25.25,"PUL, PAU",True,未通过三 SOC/四脉冲筛选的 SOH 阶段 9 个,60–70,"PUL, PAU"
85,METABatt_Sony_Murata_18650VTC6_085,27,27,14,97.1,63.0,63.0–97.1,34.099999999999994,22.31–25.25,"PUL, PAU",True,未通过三 SOC/四脉冲筛选的 SOH 阶段 13 个,60–70,"PUL, PAU"
86,METABatt_Sony_Murata_18650VTC6_086,27,27,20,97.0,72.1,72.1–97.0,24.900000000000006,22.25–25.81,"PUL, PAU",True,未通过三 SOC/四脉冲筛选的 SOH 阶段 7 个,70–75,"PUL, PAU"
87,METABatt_Sony_Murata_18650VTC6_087,27,27,0,97.1,62.1,62.1–97.1,34.99999999999999,22.50–27.06,"PUL, PAU",True,未通过三 SOC/四脉冲筛选的 SOH 阶段 27 个,60–70,"PUL, PAU"
88,METABatt_Sony_Murata_18650VTC6_088,27,27,11,96.9,61.8,61.8–96.9,35.10000000000001,22.31–26.06,"PUL, PAU",True,未通过三 SOC/四脉冲筛选的 SOH 阶段 16 个,60–70,"PUL, PAU"
89,METABatt_Sony_Murata_18650VTC6_089,28,28,23,95.7,72.1,72.1–95.7,23.60000000000001,23.69–27.81,"PUL, PAU",True,未通过三 SOC/四脉冲筛选的 SOH 阶段 5 个,70–75,"PUL, PAU"
90,METABatt_Sony_Murata_18650VTC6_090,27,27,9,97.0,61.9,61.9–97.0,35.1,22.38–25.88,"PUL, PAU",True,未通过三 SOC/四脉冲筛选的 SOH 阶段 18 个,60–70,"PUL, PAU"
91,METABatt_Sony_Murata_18650VTC6_091,27,27,14,97.0,63.2,63.2–97.0,33.8,22.31–25.38,"PUL, PAU",True,未通过三 SOC/四脉冲筛选的 SOH 阶段 13 个,60–70,"PUL, PAU"
92,METABatt_Sony_Murata_18650VTC6_092,27,27,22,96.8,72.3,72.3–96.8,24.5,22.06–25.50,"PUL, PAU",True,未通过三 SOC/四脉冲筛选的 SOH 阶段 5 个,70–75,"PUL, PAU"
93,METABatt_Sony_Murata_18650VTC6_093,27,27,16,96.9,65.6,65.6–96.9,31.30000000000001,21.56–25.50,"PUL, PAU",True,未通过三 SOC/四脉冲筛选的 SOH 阶段 11 个,60–70,"PUL, PAU"
94,METABatt_Sony_Murata_18650VTC6_094,27,27,16,96.9,65.9,65.9–96.9,31.0,21.88–25.38,"PUL, PAU",True,未通过三 SOC/四脉冲筛选的 SOH 阶段 11 个,60–70,"PUL, PAU"
95,METABatt_Sony_Murata_18650VTC6_095,27,27,15,96.7,64.3,64.3–96.7,32.400000000000006,22.00–25.56,"PUL, PAU",True,未通过三 SOC/四脉冲筛选的 SOH 阶段 12 个,60–70,"PUL, PAU"
96,METABatt_Sony_Murata_18650VTC6_096,27,27,16,96.9,66.6,66.6–96.9,30.30000000000001,22.31–25.56,"PUL, PAU",True,未通过三 SOC/四脉冲筛选的 SOH 阶段 11 个,60–70,"PUL, PAU"
97,METABatt_Sony_Murata_18650VTC6_097,27,27,16,97.2,65.6,65.6–97.2,31.60000000000001,22.25–25.44,"PUL, PAU",True,未通过三 SOC/四脉冲筛选的 SOH 阶段 11 个,60–70,"PUL, PAU"
98,METABatt_Sony_Murata_18650VTC6_098,27,27,0,97.1,64.2,64.2–97.1,32.89999999999999,22.12–26.44,"PUL, PAU",True,未通过三 SOC/四脉冲筛选的 SOH 阶段 27 个,60–70,"PUL, PAU"
99,METABatt_Sony_Murata_18650VTC6_099,24,24,24,97.0,77.7,77.7–97.0,19.299999999999997,21.62–25.56,"PUL, PAU",False,无,75–80,"PUL, PAU"
100,METABatt_Sony_Murata_18650VTC6_100,27,27,14,97.1,63.4,63.4–97.1,33.699999999999996,22.31–25.31,"PUL, PAU",True,未通过三 SOC/四脉冲筛选的 SOH 阶段 13 个,60–70,"PUL, PAU"
101,METABatt_Sony_Murata_18650VTC6_101,29,29,21,96.4,73.2,73.2–96.4,23.200000000000003,23.88–28.25,"PUL, PAU",True,未通过三 SOC/四脉冲筛选的 SOH 阶段 8 个,70–75,"PUL, PAU"
102,METABatt_Sony_Murata_18650VTC6_102,28,28,24,96.3,75.2,75.2–96.3,21.099999999999994,24.50–28.88,"PUL, PAU",True,未通过三 SOC/四脉冲筛选的 SOH 阶段 4 个,75–80,"PUL, PAU"
105,METABatt_Sony_Murata_18650VTC6_105,22,22,15,95.8,70.6,70.6–95.8,25.200000000000003,20.31–25.94,"PUL, PAU",True,未通过三 SOC/四脉冲筛选的 SOH 阶段 7 个,70–75,"PUL, PAU"
106,METABatt_Sony_Murata_18650VTC6_106,5,5,5,96.1,92.5,92.5–96.1,3.5999999999999943,24.50–25.69,"PUL, PAU",False,无,90–95,"PUL, PAU"
107,METABatt_Sony_Murata_18650VTC6_107,28,28,19,96.1,70.9,70.9–96.1,25.19999999999999,24.75–29.62,"PUL, PAU",True,未通过三 SOC/四脉冲筛选的 SOH 阶段 9 个,70–75,"PUL, PAU"
108,METABatt_Sony_Murata_18650VTC6_108,28,28,11,95.9,64.0,64.0–95.9,31.900000000000006,23.88–28.81,"PUL, PAU",True,未通过三 SOC/四脉冲筛选的 SOH 阶段 17 个,60–70,"PUL, PAU"
109,METABatt_Sony_Murata_18650VTC6_109,28,28,11,96.2,64.4,64.4–96.2,31.799999999999997,24.00–29.38,"PUL, PAU",True,未通过三 SOC/四脉冲筛选的 SOH 阶段 17 个,60–70,"PUL, PAU"
110,METABatt_Sony_Murata_18650VTC6_110,30,30,11,95.7,64.9,64.9–95.7,30.799999999999997,23.00–25.56,"PUL, PAU",True,未通过三 SOC/四脉冲筛选的 SOH 阶段 19 个,60–70,"PUL, PAU"
111,METABatt_Sony_Murata_18650VTC6_111,28,27,8,96.3,63.4,63.4–96.3,32.9,24.75–30.19,"PUL, PAU",True,无法使用的文件 1 个；未通过三 SOC/四脉冲筛选的 SOH 阶段 18 个,60–70,"PUL, PAU"
112,METABatt_Sony_Murata_18650VTC6_112,32,31,11,96.4,64.4,64.4–96.4,32.0,24.25–29.00,"PUL, PAU",True,无法使用的文件 1 个；未通过三 SOC/四脉冲筛选的 SOH 阶段 19 个,60–70,"PUL, PAU"
113,METABatt_Sony_Murata_18650VTC6_113,29,28,0,96.1,81.4,81.4–96.1,14.699999999999989,24.50–29.81,"PUL, PAU",True,无法使用的文件 1 个；未通过三 SOC/四脉冲筛选的 SOH 阶段 27 个,80–85,"PUL, PAU"
114,METABatt_Sony_Murata_18650VTC6_114,30,29,0,96.1,65.6,65.6–96.1,30.5,24.06–27.19,"PUL, PAU",True,无法使用的文件 1 个；未通过三 SOC/四脉冲筛选的 SOH 阶段 29 个,60–70,"PUL, PAU"
115,METABatt_Sony_Murata_18650VTC6_115,28,28,11,96.0,64.2,64.2–96.0,31.799999999999997,24.19–29.75,"PUL, PAU",True,未通过三 SOC/四脉冲筛选的 SOH 阶段 17 个,60–70,"PUL, PAU"
116,METABatt_Sony_Murata_18650VTC6_116,22,22,12,96.2,67.6,67.6–96.2,28.60000000000001,19.44–25.31,"PUL, PAU",True,未通过三 SOC/四脉冲筛选的 SOH 阶段 10 个,60–70,"PUL, PAU"
117,METABatt_Sony_Murata_18650VTC6_117,26,26,13,95.9,68.2,68.2–95.9,27.700000000000003,24.50–25.94,"PUL, PAU",True,未通过三 SOC/四脉冲筛选的 SOH 阶段 12 个,60–70,"PUL, PAU"
118,METABatt_Sony_Murata_18650VTC6_118,30,30,15,96.4,65.4,65.4–96.4,31.0,24.50–25.88,"PUL, PAU",True,未通过三 SOC/四脉冲筛选的 SOH 阶段 15 个,60–70,"PUL, PAU"
119,METABatt_Sony_Murata_18650VTC6_119,22,22,12,95.9,68.0,68.0–95.9,27.900000000000006,19.69–25.44,"PUL, PAU",True,未通过三 SOC/四脉冲筛选的 SOH 阶段 10 个,60–70,"PUL, PAU"
121,METABatt_Sony_Murata_18650VTC6_121,5,5,5,96.4,93.0,93.0–96.4,3.4000000000000057,24.44–25.56,"PUL, PAU",False,无,90–95,"PUL, PAU"
122,METABatt_Sony_Murata_18650VTC6_122,22,22,19,95.9,72.6,72.6–95.9,23.30000000000001,20.06–25.88,"PUL, PAU",True,未通过三 SOC/四脉冲筛选的 SOH 阶段 3 个,70–75,"PUL, PAU"
123,METABatt_Sony_Murata_18650VTC6_123,5,5,5,96.5,92.2,92.2–96.5,4.299999999999997,24.38–25.56,"PUL, PAU",False,无,90–95,"PUL, PAU"
124,METABatt_Sony_Murata_18650VTC6_124,28,27,8,96.4,62.3,62.3–96.4,34.10000000000001,24.75–29.62,"PUL, PAU",True,无法使用的文件 1 个；未通过三 SOC/四脉冲筛选的 SOH 阶段 18 个,60–70,"PUL, PAU"
125,METABatt_Sony_Murata_18650VTC6_125,5,5,5,96.4,92.9,92.9–96.4,3.5,24.44–25.69,"PUL, PAU",False,无,90–95,"PUL, PAU"
126,METABatt_Sony_Murata_18650VTC6_126,5,5,5,96.1,91.9,91.9–96.1,4.199999999999989,24.31–25.50,"PUL, PAU",False,无,90–95,"PUL, PAU"
127,METABatt_Sony_Murata_18650VTC6_127,30,30,29,96.0,81.9,81.9–96.0,14.099999999999994,24.69–26.44,"PUL, PAU",False,无,80–85,"PUL, PAU"
128,METABatt_Sony_Murata_18650VTC6_128,22,22,14,96.3,67.9,67.9–96.3,28.39999999999999,19.75–25.69,"PUL, PAU",True,未通过三 SOC/四脉冲筛选的 SOH 阶段 8 个,60–70,"PUL, PAU"
129,METABatt_Sony_Murata_18650VTC6_129,26,26,18,96.3,68.6,68.6–96.3,27.700000000000003,24.50–25.81,"PUL, PAU",True,未通过三 SOC/四脉冲筛选的 SOH 阶段 8 个,60–70,"PUL, PAU"
130,METABatt_Sony_Murata_18650VTC6_130,22,22,18,95.8,71.9,71.9–95.8,23.89999999999999,20.12–25.88,"PUL, PAU",True,未通过三 SOC/四脉冲筛选的 SOH 阶段 4 个,70–75,"PUL, PAU"
131,METABatt_Sony_Murata_18650VTC6_131,6,6,6,96.3,86.8,86.8–96.3,9.5,24.38–25.44,"PUL, PAU",False,无,85–90,"PUL, PAU"
132,METABatt_Sony_Murata_18650VTC6_132,30,30,14,95.8,65.3,65.3–95.8,30.5,22.94–25.62,"PUL, PAU",True,未通过三 SOC/四脉冲筛选的 SOH 阶段 16 个,60–70,"PUL, PAU"
133,METABatt_Sony_Murata_18650VTC6_133,22,22,14,95.7,68.0,68.0–95.7,27.700000000000003,19.62–25.44,"PUL, PAU",True,未通过三 SOC/四脉冲筛选的 SOH 阶段 8 个,60–70,"PUL, PAU"
134,METABatt_Sony_Murata_18650VTC6_134,30,30,21,96.0,62.4,62.4–96.0,33.6,24.75–25.69,"PUL, PAU",True,未通过三 SOC/四脉冲筛选的 SOH 阶段 8 个,60–70,"PUL, PAU"
135,METABatt_Sony_Murata_18650VTC6_135,6,6,6,96.4,90.1,90.1–96.4,6.300000000000011,24.19–25.88,"PUL, PAU",False,无,90–95,"PUL, PAU"
136,METABatt_Sony_Murata_18650VTC6_136,5,5,5,96.1,93.3,93.3–96.1,2.799999999999997,24.06–25.50,"PUL, PAU",False,无,90–95,"PUL, PAU"
137,METABatt_Sony_Murata_18650VTC6_137,29,29,12,96.0,61.1,61.1–96.0,34.9,24.81–26.12,"PUL, PAU",True,未通过三 SOC/四脉冲筛选的 SOH 阶段 16 个,60–70,"PUL, PAU"
138,METABatt_Sony_Murata_18650VTC6_138,30,30,0,96.3,81.4,81.4–96.3,14.899999999999991,24.81–26.94,"PUL, PAU",True,未通过三 SOC/四脉冲筛选的 SOH 阶段 30 个,80–85,"PUL, PAU"
139,METABatt_Sony_Murata_18650VTC6_139,24,24,24,96.2,77.3,77.3–96.2,18.900000000000006,24.69–29.12,"PUL, PAU",False,无,75–80,"PUL, PAU"
140,METABatt_Sony_Murata_18650VTC6_140,5,5,5,89.3,85.1,85.1–89.3,4.200000000000003,24.38–25.75,"PUL, PAU",False,无,85–90,"PUL, PAU"
141,METABatt_Sony_Murata_18650VTC6_141,30,30,0,95.9,61.2,61.2–95.9,34.7,24.81–26.88,"PUL, PAU",True,未通过三 SOC/四脉冲筛选的 SOH 阶段 30 个,60–70,"PUL, PAU"
142,METABatt_Sony_Murata_18650VTC6_142,30,30,12,96.5,61.9,61.9–96.5,34.6,24.81–26.12,"PUL, PAU",True,未通过三 SOC/四脉冲筛选的 SOH 阶段 18 个,60–70,"PUL, PAU"
143,METABatt_Sony_Murata_18650VTC6_143,30,30,0,96.2,63.1,63.1–96.2,33.1,24.81–26.44,"PUL, PAU",True,未通过三 SOC/四脉冲筛选的 SOH 阶段 30 个,60–70,"PUL, PAU"
146,METABatt_Sony_Murata_18650VTC6_146,22,22,22,96.3,75.1,75.1–96.3,21.200000000000003,19.94–25.88,"PUL, PAU",False,无,75–80,"PUL, PAU"
147,METABatt_Sony_Murata_18650VTC6_147,30,30,0,96.0,83.0,83.0–96.0,13.0,24.75–26.44,"PUL, PAU",True,未通过三 SOC/四脉冲筛选的 SOH 阶段 29 个,80–85,"PUL, PAU"
148,METABatt_Sony_Murata_18650VTC6_148,30,30,0,96.0,75.2,75.2–96.0,20.799999999999997,24.88–27.06,"PUL, PAU",True,未通过三 SOC/四脉冲筛选的 SOH 阶段 30 个,75–80,"PUL, PAU"
149,METABatt_Sony_Murata_18650VTC6_149,22,22,14,95.6,68.2,68.2–95.6,27.39999999999999,19.94–25.44,"PUL, PAU",True,未通过三 SOC/四脉冲筛选的 SOH 阶段 8 个,60–70,"PUL, PAU"
151,METABatt_Sony_Murata_18650VTC6_151,27,27,14,97.2,63.6,63.6–97.2,33.6,22.19–25.38,"PUL, PAU",True,未通过三 SOC/四脉冲筛选的 SOH 阶段 13 个,60–70,"PUL, PAU"
152,METABatt_Sony_Murata_18650VTC6_152,27,27,14,97.0,63.4,63.4–97.0,33.6,22.31–25.50,"PUL, PAU",True,未通过三 SOC/四脉冲筛选的 SOH 阶段 13 个,60–70,"PUL, PAU"
153,METABatt_Sony_Murata_18650VTC6_153,5,5,5,101.3,84.9,84.9–101.3,16.39999999999999,24.50–25.56,"PUL, PAU",False,无,80–85,"PUL, PAU"
154,METABatt_Sony_Murata_18650VTC6_154,27,27,9,97.0,61.9,61.9–97.0,35.1,22.12–26.06,"PUL, PAU",True,未通过三 SOC/四脉冲筛选的 SOH 阶段 18 个,60–70,"PUL, PAU"
155,METABatt_Sony_Murata_18650VTC6_155,5,5,5,95.9,89.6,89.6–95.9,6.300000000000011,24.50–25.75,"PUL, PAU",False,无,85–90,"PUL, PAU"
157,METABatt_Sony_Murata_18650VTC6_157,19,19,9,96.0,64.4,64.4–96.0,31.599999999999994,23.94–25.19,"PUL, PAU",True,未通过三 SOC/四脉冲筛选的 SOH 阶段 10 个,60–70,"PUL, PAU"
158,METABatt_Sony_Murata_18650VTC6_158,27,27,15,97.0,64.5,64.5–97.0,32.5,22.19–25.50,"PUL, PAU",True,未通过三 SOC/四脉冲筛选的 SOH 阶段 12 个,60–70,"PUL, PAU"
159,METABatt_Sony_Murata_18650VTC6_159,27,27,14,96.9,63.0,63.0–96.9,33.900000000000006,22.19–25.81,"PUL, PAU",True,未通过三 SOC/四脉冲筛选的 SOH 阶段 13 个,60–70,"PUL, PAU"
160,METABatt_Sony_Murata_18650VTC6_160,27,27,21,97.2,72.5,72.5–97.2,24.700000000000003,21.88–26.00,"PUL, PAU",True,未通过三 SOC/四脉冲筛选的 SOH 阶段 6 个,70–75,"PUL, PAU"
161,METABatt_Sony_Murata_18650VTC6_161,26,26,13,97.3,64.3,64.3–97.3,33.0,22.19–25.62,"PUL, PAU",True,未通过三 SOC/四脉冲筛选的 SOH 阶段 13 个,60–70,"PUL, PAU"
162,METABatt_Sony_Murata_18650VTC6_162,27,27,11,96.7,62.4,62.4–96.7,34.300000000000004,22.19–25.44,"PUL, PAU",True,未通过三 SOC/四脉冲筛选的 SOH 阶段 16 个,60–70,"PUL, PAU"
163,METABatt_Sony_Murata_18650VTC6_163,27,27,14,97.0,63.3,63.3–97.0,33.7,21.94–25.75,"PUL, PAU",True,未通过三 SOC/四脉冲筛选的 SOH 阶段 13 个,60–70,"PUL, PAU"
164,METABatt_Sony_Murata_18650VTC6_164,27,27,15,97.2,64.6,64.6–97.2,32.60000000000001,22.12–25.31,"PUL, PAU",True,未通过三 SOC/四脉冲筛选的 SOH 阶段 12 个,60–70,"PUL, PAU"
165,METABatt_Sony_Murata_18650VTC6_165,27,27,14,97.0,63.8,63.8–97.0,33.2,22.06–25.88,"PUL, PAU",True,未通过三 SOC/四脉冲筛选的 SOH 阶段 13 个,60–70,"PUL, PAU"
166,METABatt_Sony_Murata_18650VTC6_166,27,27,21,97.2,72.3,72.3–97.2,24.900000000000006,22.25–25.75,"PUL, PAU",True,未通过三 SOC/四脉冲筛选的 SOH 阶段 6 个,70–75,"PUL, PAU"
167,METABatt_Sony_Murata_18650VTC6_167,27,27,21,97.2,72.3,72.3–97.2,24.900000000000006,22.25–25.69,"PUL, PAU",True,未通过三 SOC/四脉冲筛选的 SOH 阶段 6 个,70–75,"PUL, PAU"
168,METABatt_Sony_Murata_18650VTC6_168,30,30,13,96.0,64.5,64.5–96.0,31.5,23.56–28.06,"PUL, PAU",True,未通过三 SOC/四脉冲筛选的 SOH 阶段 17 个,60–70,"PUL, PAU"
169,METABatt_Sony_Murata_18650VTC6_169,27,27,14,97.2,63.5,63.5–97.2,33.7,21.88–25.44,"PUL, PAU",True,未通过三 SOC/四脉冲筛选的 SOH 阶段 13 个,60–70,"PUL, PAU"
170,METABatt_Sony_Murata_18650VTC6_170,27,27,9,97.2,61.9,61.9–97.2,35.300000000000004,22.44–25.75,"PUL, PAU",True,未通过三 SOC/四脉冲筛选的 SOH 阶段 18 个,60–70,"PUL, PAU"
171,METABatt_Sony_Murata_18650VTC6_171,26,26,0,96.9,61.8,61.8–96.9,35.10000000000001,22.38–26.00,"PUL, PAU",True,未通过三 SOC/四脉冲筛选的 SOH 阶段 26 个,60–70,"PUL, PAU"
173,METABatt_Sony_Murata_18650VTC6_173,26,26,13,97.0,64.1,64.1–97.0,32.900000000000006,22.12–25.62,"PUL, PAU",True,未通过三 SOC/四脉冲筛选的 SOH 阶段 13 个,60–70,"PUL, PAU"
174,METABatt_Sony_Murata_18650VTC6_174,27,27,11,96.8,62.6,62.6–96.8,34.199999999999996,21.81–25.12,"PUL, PAU",True,未通过三 SOC/四脉冲筛选的 SOH 阶段 16 个,60–70,"PUL, PAU"
175,METABatt_Sony_Murata_18650VTC6_175,27,27,9,97.1,62.1,62.1–97.1,34.99999999999999,22.25–25.81,"PUL, PAU",True,未通过三 SOC/四脉冲筛选的 SOH 阶段 18 个,60–70,"PUL, PAU"
176,METABatt_Sony_Murata_18650VTC6_176,26,26,9,97.0,62.4,62.4–97.0,34.6,21.94–25.69,"PUL, PAU",True,未通过三 SOC/四脉冲筛选的 SOH 阶段 17 个,60–70,"PUL, PAU"
177,METABatt_Sony_Murata_18650VTC6_177,5,5,5,101.0,90.8,90.8–101.0,10.200000000000003,24.56–25.56,"PUL, PAU",False,无,90–95,"PUL, PAU"
178,METABatt_Sony_Murata_18650VTC6_178,27,27,21,97.0,72.3,72.3–97.0,24.700000000000003,22.31–25.94,"PUL, PAU",True,未通过三 SOC/四脉冲筛选的 SOH 阶段 6 个,70–75,"PUL, PAU"
179,METABatt_Sony_Murata_18650VTC6_179,27,27,14,97.3,63.5,63.5–97.3,33.8,22.25–25.69,"PUL, PAU",True,未通过三 SOC/四脉冲筛选的 SOH 阶段 13 个,60–70,"PUL, PAU"
180,METABatt_Sony_Murata_18650VTC6_180,19,19,12,95.9,68.8,68.8–95.9,27.10000000000001,23.69–25.00,"PUL, PAU",True,未通过三 SOC/四脉冲筛选的 SOH 阶段 7 个,60–70,"PUL, PAU"
181,METABatt_Sony_Murata_18650VTC6_181,22,22,10,97.4,65.0,65.0–97.4,32.400000000000006,19.88–25.94,"PUL, PAU",True,未通过三 SOC/四脉冲筛选的 SOH 阶段 12 个,60–70,"PUL, PAU"
182,METABatt_Sony_Murata_18650VTC6_182,23,23,10,97.4,64.2,64.2–97.4,33.2,19.94–25.81,"PUL, PAU",True,未通过三 SOC/四脉冲筛选的 SOH 阶段 13 个,60–70,"PUL, PAU"
183,METABatt_Sony_Murata_18650VTC6_183,25,25,0,97.0,72.4,72.4–97.0,24.599999999999994,22.38–26.75,"PUL, PAU",True,未通过三 SOC/四脉冲筛选的 SOH 阶段 25 个,70–75,"PUL, PAU"
184,METABatt_Sony_Murata_18650VTC6_184,27,27,14,97.0,63.2,63.2–97.0,33.8,22.25–25.56,"PUL, PAU",True,未通过三 SOC/四脉冲筛选的 SOH 阶段 13 个,60–70,"PUL, PAU"
185,METABatt_Sony_Murata_18650VTC6_185,27,27,0,96.7,62.6,62.6–96.7,34.1,22.25–26.50,"PUL, PAU",True,未通过三 SOC/四脉冲筛选的 SOH 阶段 27 个,60–70,"PUL, PAU"
187,METABatt_Sony_Murata_18650VTC6_187,27,27,20,97.1,72.2,72.2–97.1,24.89999999999999,22.25–26.06,"PUL, PAU",True,未通过三 SOC/四脉冲筛选的 SOH 阶段 7 个,70–75,"PUL, PAU"
188,METABatt_Sony_Murata_18650VTC6_188,27,27,21,97.0,72.3,72.3–97.0,24.700000000000003,22.25–26.00,"PUL, PAU",True,未通过三 SOC/四脉冲筛选的 SOH 阶段 6 个,70–75,"PUL, PAU"
189,METABatt_Sony_Murata_18650VTC6_189,19,19,13,95.9,69.5,69.5–95.9,26.400000000000006,23.88–25.12,"PUL, PAU",True,未通过三 SOC/四脉冲筛选的 SOH 阶段 6 个,60–70,"PUL, PAU"
190,METABatt_Sony_Murata_18650VTC6_190,13,13,11,101.1,83.3,83.3–101.1,17.799999999999997,23.69–36.00,"PUL, PAU",True,未通过三 SOC/四脉冲筛选的 SOH 阶段 2 个,80–85,"PUL, PAU"
191,METABatt_Sony_Murata_18650VTC6_191,30,30,17,96.3,65.8,65.8–96.3,30.5,24.06–25.75,"PUL, PAU",True,未通过三 SOC/四脉冲筛选的 SOH 阶段 12 个,60–70,"PUL, PAU"
192,METABatt_Sony_Murata_18650VTC6_192,27,27,14,96.9,63.5,63.5–96.9,33.400000000000006,22.31–25.62,"PUL, PAU",True,未通过三 SOC/四脉冲筛选的 SOH 阶段 13 个,60–70,"PUL, PAU"
193,METABatt_Sony_Murata_18650VTC6_193,5,5,5,95.8,89.6,89.6–95.8,6.200000000000003,24.44–25.75,"PUL, PAU",False,无,85–90,"PUL, PAU"
194,METABatt_Sony_Murata_18650VTC6_194,30,30,0,95.9,64.0,64.0–95.9,31.900000000000006,24.62–26.94,"PUL, PAU",True,未通过三 SOC/四脉冲筛选的 SOH 阶段 30 个,60–70,"PUL, PAU"
195,METABatt_Sony_Murata_18650VTC6_195,22,22,22,97.3,74.7,74.7–97.3,22.599999999999994,19.44–25.56,"PUL, PAU",False,无,70–75,"PUL, PAU"
196,METABatt_Sony_Murata_18650VTC6_196,23,23,9,97.3,64.0,64.0–97.3,33.3,19.75–25.69,"PUL, PAU",True,未通过三 SOC/四脉冲筛选的 SOH 阶段 14 个,60–70,"PUL, PAU"
201,METABatt_Sony_Murata_18650VTC6_201,30,30,13,95.8,55.7,55.7–95.8,40.099999999999994,24.75–25.56,"PUL, PAU",True,未通过三 SOC/四脉冲筛选的 SOH 阶段 16 个,≤60,"PUL, PAU"
202,METABatt_Sony_Murata_18650VTC6_202,30,30,15,95.8,54.6,54.6–95.8,41.199999999999996,23.56–27.81,"PUL, PAU",True,未通过三 SOC/四脉冲筛选的 SOH 阶段 14 个,≤60,"PUL, PAU"
203,METABatt_Sony_Murata_18650VTC6_203,30,30,15,95.9,54.8,54.8–95.9,41.10000000000001,23.31–27.56,"PUL, PAU",True,未通过三 SOC/四脉冲筛选的 SOH 阶段 15 个,≤60,"PUL, PAU"
204,METABatt_Sony_Murata_18650VTC6_204,30,30,15,96.0,54.8,54.8–96.0,41.2,23.50–27.62,"PUL, PAU",True,未通过三 SOC/四脉冲筛选的 SOH 阶段 15 个,≤60,"PUL, PAU"
205,METABatt_Sony_Murata_18650VTC6_205,30,30,15,96.0,54.7,54.7–96.0,41.3,23.38–27.38,"PUL, PAU",True,未通过三 SOC/四脉冲筛选的 SOH 阶段 14 个,≤60,"PUL, PAU"
206,METABatt_Sony_Murata_18650VTC6_206,27,27,23,96.8,72.3,72.3–96.8,24.5,22.12–25.44,"PUL, PAU",True,未通过三 SOC/四脉冲筛选的 SOH 阶段 4 个,70–75,"PUL, PAU"
207,METABatt_Sony_Murata_18650VTC6_207,30,30,15,95.8,54.8,54.8–95.8,41.0,23.44–27.75,"PUL, PAU",True,未通过三 SOC/四脉冲筛选的 SOH 阶段 14 个,≤60,"PUL, PAU"
209,METABatt_Sony_Murata_18650VTC6_209,30,30,15,96.1,54.3,54.3–96.1,41.8,23.44–26.25,"PUL, PAU",True,未通过三 SOC/四脉冲筛选的 SOH 阶段 15 个,≤60,"PUL, PAU"
210,METABatt_Sony_Murata_18650VTC6_210,30,30,15,95.7,54.4,54.4–95.7,41.300000000000004,23.44–26.19,"PUL, PAU",True,未通过三 SOC/四脉冲筛选的 SOH 阶段 15 个,≤60,"PUL, PAU"
211,METABatt_Sony_Murata_18650VTC6_211,30,30,15,95.9,54.7,54.7–95.9,41.2,23.38–27.62,"PUL, PAU",True,未通过三 SOC/四脉冲筛选的 SOH 阶段 14 个,≤60,"PUL, PAU"
212,METABatt_Sony_Murata_18650VTC6_212,22,22,10,97.1,65.3,65.3–97.1,31.799999999999997,19.69–25.69,"PUL, PAU",True,未通过三 SOC/四脉冲筛选的 SOH 阶段 12 个,60–70,"PUL, PAU"
213,METABatt_Sony_Murata_18650VTC6_213,27,27,15,96.1,58.2,58.2–96.1,37.89999999999999,23.81–28.50,"PUL, PAU",True,未通过三 SOC/四脉冲筛选的 SOH 阶段 12 个,≤60,"PUL, PAU"
214,METABatt_Sony_Murata_18650VTC6_214,30,30,15,95.8,54.4,54.4–95.8,41.4,23.31–25.88,"PUL, PAU",True,未通过三 SOC/四脉冲筛选的 SOH 阶段 15 个,≤60,"PUL, PAU"
215,METABatt_Sony_Murata_18650VTC6_215,30,30,15,95.9,54.4,54.4–95.9,41.50000000000001,23.44–27.69,"PUL, PAU",True,未通过三 SOC/四脉冲筛选的 SOH 阶段 15 个,≤60,"PUL, PAU"
216,METABatt_Sony_Murata_18650VTC6_216,30,30,15,95.8,54.7,54.7–95.8,41.099999999999994,23.38–27.50,"PUL, PAU",True,未通过三 SOC/四脉冲筛选的 SOH 阶段 15 个,≤60,"PUL, PAU"
217,METABatt_Sony_Murata_18650VTC6_217,30,30,15,95.4,54.7,54.7–95.4,40.7,23.50–27.62,"PUL, PAU",True,未通过三 SOC/四脉冲筛选的 SOH 阶段 14 个,≤60,"PUL, PAU"
218,METABatt_Sony_Murata_18650VTC6_218,22,22,22,100.4,74.8,74.8–100.4,25.60000000000001,19.19–25.38,"PUL, PAU",False,无,70–75,"PUL, PAU"
219,METABatt_Sony_Murata_18650VTC6_219,30,30,15,95.6,54.0,54.0–95.6,41.599999999999994,23.56–27.69,"PUL, PAU",True,未通过三 SOC/四脉冲筛选的 SOH 阶段 15 个,≤60,"PUL, PAU"
220,METABatt_Sony_Murata_18650VTC6_220,29,29,16,95.7,60.4,60.4–95.7,35.300000000000004,24.44–25.44,"PUL, PAU",True,未通过三 SOC/四脉冲筛选的 SOH 阶段 12 个,60–70,"PUL, PAU"
221,METABatt_Sony_Murata_18650VTC6_221,30,30,15,95.8,54.9,54.9–95.8,40.9,23.44–27.69,"PUL, PAU",True,未通过三 SOC/四脉冲筛选的 SOH 阶段 14 个,≤60,"PUL, PAU"
222,METABatt_Sony_Murata_18650VTC6_222,30,30,14,95.9,64.7,64.7–95.9,31.200000000000003,23.44–26.06,"PUL, PAU",True,未通过三 SOC/四脉冲筛选的 SOH 阶段 16 个,60–70,"PUL, PAU"
223,METABatt_Sony_Murata_18650VTC6_223,30,30,29,96.0,78.5,78.5–96.0,17.5,24.44–26.19,"PUL, PAU",False,无,75–80,"PUL, PAU"
224,METABatt_Sony_Murata_18650VTC6_224,32,31,14,96.1,64.1,64.1–96.1,32.0,24.50–25.75,"PUL, PAU",True,无法使用的文件 1 个；未通过三 SOC/四脉冲筛选的 SOH 阶段 17 个,60–70,"PUL, PAU"
225,METABatt_Sony_Murata_18650VTC6_225,23,23,10,97.2,64.7,64.7–97.2,32.5,20.06–25.44,"PUL, PAU",True,未通过三 SOC/四脉冲筛选的 SOH 阶段 13 个,60–70,"PUL, PAU"
226,METABatt_Sony_Murata_18650VTC6_226,30,30,13,95.8,63.9,63.9–95.8,31.9,24.50–25.88,"PUL, PAU",True,未通过三 SOC/四脉冲筛选的 SOH 阶段 17 个,60–70,"PUL, PAU"
227,METABatt_Sony_Murata_18650VTC6_227,30,30,13,95.8,64.3,64.3–95.8,31.5,23.50–27.94,"PUL, PAU",True,未通过三 SOC/四脉冲筛选的 SOH 阶段 17 个,60–70,"PUL, PAU"
228,METABatt_Sony_Murata_18650VTC6_228,30,30,0,95.9,54.4,54.4–95.9,41.50000000000001,23.38–26.94,"PUL, PAU",True,未通过三 SOC/四脉冲筛选的 SOH 阶段 30 个,≤60,"PUL, PAU"
230,METABatt_Sony_Murata_18650VTC6_230,30,30,13,95.9,63.7,63.7–95.9,32.2,24.44–25.56,"PUL, PAU",True,未通过三 SOC/四脉冲筛选的 SOH 阶段 17 个,60–70,"PUL, PAU"
231,METABatt_Sony_Murata_18650VTC6_231,30,30,14,95.9,64.7,64.7–95.9,31.200000000000003,23.38–27.94,"PUL, PAU",True,未通过三 SOC/四脉冲筛选的 SOH 阶段 16 个,60–70,"PUL, PAU"
232,METABatt_Sony_Murata_18650VTC6_232,30,30,15,95.8,54.6,54.6–95.8,41.199999999999996,23.38–27.81,"PUL, PAU",True,未通过三 SOC/四脉冲筛选的 SOH 阶段 14 个,≤60,"PUL, PAU"
233,METABatt_Sony_Murata_18650VTC6_233,30,30,15,95.9,55.0,55.0–95.9,40.900000000000006,23.44–27.56,"PUL, PAU",True,未通过三 SOC/四脉冲筛选的 SOH 阶段 14 个,≤60,"PUL, PAU"
234,METABatt_Sony_Murata_18650VTC6_234,5,5,5,95.5,92.6,92.6–95.5,2.9000000000000057,24.38–25.44,"PUL, PAU",False,无,90–95,"PUL, PAU"
235,METABatt_Sony_Murata_18650VTC6_235,22,22,10,97.2,65.4,65.4–97.2,31.799999999999997,19.88–25.81,"PUL, PAU",True,未通过三 SOC/四脉冲筛选的 SOH 阶段 12 个,60–70,"PUL, PAU"
236,METABatt_Sony_Murata_18650VTC6_236,30,30,0,95.9,50.8,50.8–95.9,45.10000000000001,24.38–26.19,"PUL, PAU",True,未通过三 SOC/四脉冲筛选的 SOH 阶段 30 个,≤60,"PUL, PAU"
237,METABatt_Sony_Murata_18650VTC6_237,31,31,14,96.0,64.1,64.1–96.0,31.900000000000006,24.44–25.75,"PUL, PAU",True,未通过三 SOC/四脉冲筛选的 SOH 阶段 17 个,60–70,"PUL, PAU"
238,METABatt_Sony_Murata_18650VTC6_238,30,30,12,96.0,51.8,51.8–96.0,44.2,24.25–25.56,"PUL, PAU",True,未通过三 SOC/四脉冲筛选的 SOH 阶段 16 个,≤60,"PUL, PAU"
239,METABatt_Sony_Murata_18650VTC6_239,30,30,15,95.6,55.1,55.1–95.6,40.49999999999999,23.50–27.38,"PUL, PAU",True,未通过三 SOC/四脉冲筛选的 SOH 阶段 15 个,≤60,"PUL, PAU"
240,METABatt_Sony_Murata_18650VTC6_240,5,5,5,100.9,89.7,89.7–100.9,11.200000000000003,24.62–25.81,"PUL, PAU",False,无,85–90,"PUL, PAU"
241,METABatt_Sony_Murata_18650VTC6_241,27,27,0,95.8,55.8,55.8–95.8,40.0,24.12–27.12,"PUL, PAU",True,未通过三 SOC/四脉冲筛选的 SOH 阶段 26 个,≤60,"PUL, PAU"
242,METABatt_Sony_Murata_18650VTC6_242,5,5,5,100.9,89.7,89.7–100.9,11.200000000000003,24.56–25.44,"PUL, PAU",False,无,85–90,"PUL, PAU"
243,METABatt_Sony_Murata_18650VTC6_243,30,30,15,96.2,54.4,54.4–96.2,41.800000000000004,23.38–25.88,"PUL, PAU",True,未通过三 SOC/四脉冲筛选的 SOH 阶段 15 个,≤60,"PUL, PAU"
245,METABatt_Sony_Murata_18650VTC6_245,27,27,15,96.3,57.9,57.9–96.3,38.4,23.50–28.81,"PUL, PAU",True,未通过三 SOC/四脉冲筛选的 SOH 阶段 12 个,≤60,"PUL, PAU"
246,METABatt_Sony_Murata_18650VTC6_246,30,30,0,95.9,77.8,77.8–95.9,18.10000000000001,24.38–26.00,"PUL, PAU",True,未通过三 SOC/四脉冲筛选的 SOH 阶段 30 个,75–80,"PUL, PAU"
247,METABatt_Sony_Murata_18650VTC6_247,22,22,10,97.2,65.4,65.4–97.2,31.799999999999997,19.75–25.50,"PUL, PAU",True,未通过三 SOC/四脉冲筛选的 SOH 阶段 12 个,60–70,"PUL, PAU"
248,METABatt_Sony_Murata_18650VTC6_248,5,5,5,100.9,90.8,90.8–100.9,10.100000000000009,24.44–25.62,"PUL, PAU",False,无,90–95,"PUL, PAU"
249,METABatt_Sony_Murata_18650VTC6_249,30,30,0,96.0,55.5,55.5–96.0,40.5,24.56–26.19,"PUL, PAU",True,未通过三 SOC/四脉冲筛选的 SOH 阶段 30 个,≤60,"PUL, PAU"
251,METABatt_Sony_Murata_18650VTC6_251,5,5,5,101.3,95.8,95.8–101.3,5.5,24.31–25.69,"PUL, PAU",False,无,>95,"PUL, PAU"
252,METABatt_Sony_Murata_18650VTC6_252,27,27,17,97.1,66.9,66.9–97.1,30.19999999999999,22.25–25.50,"PUL, PAU",True,未通过三 SOC/四脉冲筛选的 SOH 阶段 10 个,60–70,"PUL, PAU"
253,METABatt_Sony_Murata_18650VTC6_253,27,27,21,97.0,70.8,70.8–97.0,26.200000000000003,21.94–25.56,"PUL, PAU",True,未通过三 SOC/四脉冲筛选的 SOH 阶段 6 个,70–75,"PUL, PAU"
254,METABatt_Sony_Murata_18650VTC6_254,26,26,26,97.0,76.5,76.5–97.0,20.5,22.06–25.62,"PUL, PAU",False,无,75–80,"PUL, PAU"
255,METABatt_Sony_Murata_18650VTC6_255,27,27,18,96.8,66.1,66.1–96.8,30.700000000000003,22.00–25.56,"PUL, PAU",True,未通过三 SOC/四脉冲筛选的 SOH 阶段 9 个,60–70,"PUL, PAU"
256,METABatt_Sony_Murata_18650VTC6_256,27,27,21,97.1,69.9,69.9–97.1,27.19999999999999,22.12–25.62,"PUL, PAU",True,未通过三 SOC/四脉冲筛选的 SOH 阶段 6 个,60–70,"PUL, PAU"
257,METABatt_Sony_Murata_18650VTC6_257,27,27,19,97.0,69.1,69.1–97.0,27.900000000000006,22.19–25.38,"PUL, PAU",True,未通过三 SOC/四脉冲筛选的 SOH 阶段 8 个,60–70,"PUL, PAU"
258,METABatt_Sony_Murata_18650VTC6_258,22,22,15,97.4,67.8,67.8–97.4,29.60000000000001,20.19–25.62,"PUL, PAU",True,未通过三 SOC/四脉冲筛选的 SOH 阶段 7 个,60–70,"PUL, PAU"
259,METABatt_Sony_Murata_18650VTC6_259,27,27,20,97.0,70.3,70.3–97.0,26.700000000000003,21.94–25.50,"PUL, PAU",True,未通过三 SOC/四脉冲筛选的 SOH 阶段 7 个,70–75,"PUL, PAU"
260,METABatt_Sony_Murata_18650VTC6_260,27,27,0,97.1,75.4,75.4–97.1,21.69999999999999,22.56–26.25,"PUL, PAU",True,未通过三 SOC/四脉冲筛选的 SOH 阶段 27 个,75–80,"PUL, PAU"
261,METABatt_Sony_Murata_18650VTC6_261,18,18,16,98.3,72.8,72.8–98.3,25.5,24.19–25.50,"PUL, PAU",True,未通过三 SOC/四脉冲筛选的 SOH 阶段 2 个,70–75,"PUL, PAU"
262,METABatt_Sony_Murata_18650VTC6_262,6,6,6,101.5,92.8,92.8–101.5,8.700000000000003,24.25–25.69,"PUL, PAU",False,无,90–95,"PUL, PAU"
263,METABatt_Sony_Murata_18650VTC6_263,18,18,16,98.7,73.1,73.1–98.7,25.60000000000001,24.00–25.31,"PUL, PAU",True,未通过三 SOC/四脉冲筛选的 SOH 阶段 2 个,70–75,"PUL, PAU"
264,METABatt_Sony_Murata_18650VTC6_264,27,27,18,96.9,68.3,68.3–96.9,28.60000000000001,21.94–25.69,"PUL, PAU",True,未通过三 SOC/四脉冲筛选的 SOH 阶段 9 个,60–70,"PUL, PAU"
265,METABatt_Sony_Murata_18650VTC6_265,26,26,17,97.4,67.6,67.6–97.4,29.80000000000001,21.81–25.50,"PUL, PAU",True,未通过三 SOC/四脉冲筛选的 SOH 阶段 9 个,60–70,"PUL, PAU"
266,METABatt_Sony_Murata_18650VTC6_266,22,22,18,97.9,70.9,70.9–97.9,27.0,19.88–25.75,"PUL, PAU",True,未通过三 SOC/四脉冲筛选的 SOH 阶段 4 个,70–75,"PUL, PAU"
267,METABatt_Sony_Murata_18650VTC6_267,18,18,10,98.4,66.2,66.2–98.4,32.2,24.00–25.25,"PUL, PAU",True,未通过三 SOC/四脉冲筛选的 SOH 阶段 8 个,60–70,"PUL, PAU"
268,METABatt_Sony_Murata_18650VTC6_268,18,18,9,99.0,63.7,63.7–99.0,35.3,24.00–25.31,"PUL, PAU",True,未通过三 SOC/四脉冲筛选的 SOH 阶段 9 个,60–70,"PUL, PAU"
269,METABatt_Sony_Murata_18650VTC6_269,27,27,0,97.1,82.3,82.3–97.1,14.799999999999997,22.31–26.50,"PUL, PAU",True,未通过三 SOC/四脉冲筛选的 SOH 阶段 27 个,80–85,"PUL, PAU"
270,METABatt_Sony_Murata_18650VTC6_270,27,27,17,97.3,66.4,66.4–97.3,30.89999999999999,22.06–25.50,"PUL, PAU",True,未通过三 SOC/四脉冲筛选的 SOH 阶段 10 个,60–70,"PUL, PAU"
271,METABatt_Sony_Murata_18650VTC6_271,22,22,15,97.7,68.1,68.1–97.7,29.60000000000001,19.81–25.69,"PUL, PAU",True,未通过三 SOC/四脉冲筛选的 SOH 阶段 7 个,60–70,"PUL, PAU"
273,METABatt_Sony_Murata_18650VTC6_273,22,22,15,97.7,68.0,68.0–97.7,29.700000000000003,19.88–25.69,"PUL, PAU",True,未通过三 SOC/四脉冲筛选的 SOH 阶段 7 个,60–70,"PUL, PAU"
274,METABatt_Sony_Murata_18650VTC6_274,27,27,27,97.5,76.8,76.8–97.5,20.700000000000003,22.00–25.62,"PUL, PAU",False,无,75–80,"PUL, PAU"
275,METABatt_Sony_Murata_18650VTC6_275,18,18,6,98.9,60.8,60.8–98.9,38.10000000000001,24.19–25.31,"PUL, PAU",True,未通过三 SOC/四脉冲筛选的 SOH 阶段 12 个,60–70,"PUL, PAU"
276,METABatt_Sony_Murata_18650VTC6_276,26,26,16,97.5,62.6,62.6–97.5,34.9,22.38–25.69,"PUL, PAU",True,未通过三 SOC/四脉冲筛选的 SOH 阶段 10 个,60–70,"PUL, PAU"
277,METABatt_Sony_Murata_18650VTC6_277,18,18,9,98.9,64.0,64.0–98.9,34.900000000000006,24.12–25.25,"PUL, PAU",True,未通过三 SOC/四脉冲筛选的 SOH 阶段 9 个,60–70,"PUL, PAU"
278,METABatt_Sony_Murata_18650VTC6_278,18,18,18,98.8,75.2,75.2–98.8,23.599999999999994,24.25–25.50,"PUL, PAU",False,无,75–80,"PUL, PAU"
279,METABatt_Sony_Murata_18650VTC6_279,5,5,5,101.6,96.1,96.1–101.6,5.5,24.19–25.81,"PUL, PAU",False,无,>95,"PUL, PAU"
280,METABatt_Sony_Murata_18650VTC6_280,18,18,18,98.6,74.6,74.6–98.6,24.0,24.12–25.44,"PUL, PAU",False,无,70–75,"PUL, PAU"
281,METABatt_Sony_Murata_18650VTC6_281,18,18,13,98.8,70.7,70.7–98.8,28.099999999999994,24.06–25.25,"PUL, PAU",True,未通过三 SOC/四脉冲筛选的 SOH 阶段 5 个,70–75,"PUL, PAU"
282,METABatt_Sony_Murata_18650VTC6_282,18,18,17,98.9,73.5,73.5–98.9,25.400000000000006,24.00–25.44,"PUL, PAU",True,未通过三 SOC/四脉冲筛选的 SOH 阶段 1 个,70–75,"PUL, PAU"
283,METABatt_Sony_Murata_18650VTC6_283,18,18,18,98.8,75.0,75.0–98.8,23.799999999999997,24.12–25.44,"PUL, PAU",False,无,70–75,"PUL, PAU"
285,METABatt_Sony_Murata_18650VTC6_285,18,18,6,99.1,60.8,60.8–99.1,38.3,24.00–25.56,"PUL, PAU",True,未通过三 SOC/四脉冲筛选的 SOH 阶段 12 个,60–70,"PUL, PAU"
286,METABatt_Sony_Murata_18650VTC6_286,18,18,1,98.8,72.7,72.7–98.8,26.099999999999994,24.19–26.31,"PUL, PAU",True,未通过三 SOC/四脉冲筛选的 SOH 阶段 17 个,70–75,"PUL, PAU"
287,METABatt_Sony_Murata_18650VTC6_287,18,18,1,98.9,76.1,76.1–98.9,22.80000000000001,24.31–26.38,"PUL, PAU",True,未通过三 SOC/四脉冲筛选的 SOH 阶段 17 个,75–80,"PUL, PAU"
288,METABatt_Sony_Murata_18650VTC6_288,27,27,14,97.1,63.0,63.0–97.1,34.099999999999994,22.31–25.50,"PUL, PAU",True,未通过三 SOC/四脉冲筛选的 SOH 阶段 13 个,60–70,"PUL, PAU"
289,METABatt_Sony_Murata_18650VTC6_289,6,6,6,101.6,93.0,93.0–101.6,8.599999999999994,24.25–25.50,"PUL, PAU",False,无,90–95,"PUL, PAU"
290,METABatt_Sony_Murata_18650VTC6_290,23,23,10,97.4,64.9,64.9–97.4,32.5,19.38–25.25,"PUL, PAU",True,未通过三 SOC/四脉冲筛选的 SOH 阶段 13 个,60–70,"PUL, PAU"
292,METABatt_Sony_Murata_18650VTC6_292,22,22,22,97.9,76.8,76.8–97.9,21.10000000000001,20.12–25.81,"PUL, PAU",False,无,75–80,"PUL, PAU"
293,METABatt_Sony_Murata_18650VTC6_293,4,4,4,101.6,89.7,89.7–101.6,11.899999999999991,24.44–25.75,"PUL, PAU",False,无,85–90,"PUL, PAU"
294,METABatt_Sony_Murata_18650VTC6_294,5,5,5,101.6,91.6,91.6–101.6,10.0,24.38–25.62,"PUL, PAU",False,无,90–95,"PUL, PAU"
295,METABatt_Sony_Murata_18650VTC6_295,21,21,21,97.3,74.7,74.7–97.3,22.599999999999994,19.50–25.69,"PUL, PAU",False,无,70–75,"PUL, PAU"
299,METABatt_Sony_Murata_18650VTC6_299,5,5,5,101.4,91.5,91.5–101.4,9.900000000000006,24.44–25.44,"PUL, PAU",False,无,90–95,"PUL, PAU"
301,METABatt_Sony_Murata_18650VTC6_301,26,26,9,97.1,50.8,50.8–97.1,46.3,22.31–25.56,"PUL, PAU",True,未通过三 SOC/四脉冲筛选的 SOH 阶段 17 个,≤60,"PUL, PAU"
302,METABatt_Sony_Murata_18650VTC6_302,26,26,18,96.8,71.4,71.4–96.8,25.39999999999999,22.62–25.56,"PUL, PAU",True,未通过三 SOC/四脉冲筛选的 SOH 阶段 8 个,70–75,"PUL, PAU"
303,METABatt_Sony_Murata_18650VTC6_303,27,27,0,96.8,74.0,74.0–96.8,22.799999999999997,22.19–26.38,"PUL, PAU",True,未通过三 SOC/四脉冲筛选的 SOH 阶段 27 个,70–75,"PUL, PAU"
304,METABatt_Sony_Murata_18650VTC6_304,26,26,7,96.8,59.0,59.0–96.8,37.8,22.44–25.31,"PUL, PAU",True,未通过三 SOC/四脉冲筛选的 SOH 阶段 19 个,≤60,"PUL, PAU"
305,METABatt_Sony_Murata_18650VTC6_305,22,22,20,97.4,73.2,73.2–97.4,24.200000000000003,20.31–25.69,"PUL, PAU",True,未通过三 SOC/四脉冲筛选的 SOH 阶段 2 个,70–75,"PUL, PAU"
306,METABatt_Sony_Murata_18650VTC6_306,22,22,19,97.2,72.6,72.6–97.2,24.60000000000001,19.94–25.62,"PUL, PAU",True,未通过三 SOC/四脉冲筛选的 SOH 阶段 3 个,70–75,"PUL, PAU"
307,METABatt_Sony_Murata_18650VTC6_307,26,26,9,96.9,51.2,51.2–96.9,45.7,22.38–25.44,"PUL, PAU",True,未通过三 SOC/四脉冲筛选的 SOH 阶段 17 个,≤60,"PUL, PAU"
308,METABatt_Sony_Murata_18650VTC6_308,26,26,19,96.6,71.3,71.3–96.6,25.299999999999997,22.31–25.38,"PUL, PAU",True,未通过三 SOC/四脉冲筛选的 SOH 阶段 7 个,70–75,"PUL, PAU"
309,METABatt_Sony_Murata_18650VTC6_309,26,26,19,96.8,70.9,70.9–96.8,25.89999999999999,22.62–25.19,"PUL, PAU",True,未通过三 SOC/四脉冲筛选的 SOH 阶段 7 个,70–75,"PUL, PAU"
310,METABatt_Sony_Murata_18650VTC6_310,26,26,7,96.8,59.2,59.2–96.8,37.599999999999994,21.94–25.38,"PUL, PAU",True,未通过三 SOC/四脉冲筛选的 SOH 阶段 19 个,≤60,"PUL, PAU"
311,METABatt_Sony_Murata_18650VTC6_311,26,26,0,96.8,60.6,60.6–96.8,36.199999999999996,22.56–25.94,"PUL, PAU",True,未通过三 SOC/四脉冲筛选的 SOH 阶段 26 个,60–70,"PUL, PAU"
312,METABatt_Sony_Murata_18650VTC6_312,27,27,12,96.8,57.0,57.0–96.8,39.8,22.25–25.12,"PUL, PAU",True,未通过三 SOC/四脉冲筛选的 SOH 阶段 15 个,≤60,"PUL, PAU"
313,METABatt_Sony_Murata_18650VTC6_313,26,26,8,96.7,50.5,50.5–96.7,46.2,22.19–25.56,"PUL, PAU",True,未通过三 SOC/四脉冲筛选的 SOH 阶段 18 个,≤60,"PUL, PAU"
314,METABatt_Sony_Murata_18650VTC6_314,26,26,17,96.9,63.6,63.6–96.9,33.300000000000004,22.38–25.25,"PUL, PAU",True,未通过三 SOC/四脉冲筛选的 SOH 阶段 9 个,60–70,"PUL, PAU"
315,METABatt_Sony_Murata_18650VTC6_315,26,26,0,96.8,73.0,73.0–96.8,23.799999999999997,22.62–25.69,"PUL, PAU",True,未通过三 SOC/四脉冲筛选的 SOH 阶段 26 个,70–75,"PUL, PAU"
317,METABatt_Sony_Murata_18650VTC6_317,22,22,20,97.3,73.1,73.1–97.3,24.200000000000003,20.06–25.69,"PUL, PAU",True,未通过三 SOC/四脉冲筛选的 SOH 阶段 2 个,70–75,"PUL, PAU"
318,METABatt_Sony_Murata_18650VTC6_318,25,25,7,96.9,50.9,50.9–96.9,46.00000000000001,22.19–25.50,"PUL, PAU",True,未通过三 SOC/四脉冲筛选的 SOH 阶段 18 个,≤60,"PUL, PAU"
319,METABatt_Sony_Murata_18650VTC6_319,27,27,14,96.8,66.0,66.0–96.8,30.799999999999997,22.00–25.38,"PUL, PAU",True,未通过三 SOC/四脉冲筛选的 SOH 阶段 13 个,60–70,"PUL, PAU"
320,METABatt_Sony_Murata_18650VTC6_320,26,26,23,96.7,73.0,73.0–96.7,23.700000000000003,22.38–25.19,"PUL, PAU",True,未通过三 SOC/四脉冲筛选的 SOH 阶段 3 个,70–75,"PUL, PAU"
321,METABatt_Sony_Murata_18650VTC6_321,26,26,17,96.8,61.6,61.6–96.8,35.199999999999996,22.19–25.31,"PUL, PAU",True,未通过三 SOC/四脉冲筛选的 SOH 阶段 9 个,60–70,"PUL, PAU"
322,METABatt_Sony_Murata_18650VTC6_322,26,26,7,96.8,59.3,59.3–96.8,37.5,22.69–25.50,"PUL, PAU",True,未通过三 SOC/四脉冲筛选的 SOH 阶段 19 个,≤60,"PUL, PAU"
323,METABatt_Sony_Murata_18650VTC6_323,25,25,8,96.8,51.1,51.1–96.8,45.699999999999996,22.12–25.50,"PUL, PAU",True,未通过三 SOC/四脉冲筛选的 SOH 阶段 17 个,≤60,"PUL, PAU"
324,METABatt_Sony_Murata_18650VTC6_324,27,27,10,96.8,54.3,54.3–96.8,42.5,22.19–25.38,"PUL, PAU",True,未通过三 SOC/四脉冲筛选的 SOH 阶段 17 个,≤60,"PUL, PAU"
325,METABatt_Sony_Murata_18650VTC6_325,27,27,12,96.7,56.8,56.8–96.7,39.900000000000006,22.44–25.31,"PUL, PAU",True,未通过三 SOC/四脉冲筛选的 SOH 阶段 15 个,≤60,"PUL, PAU"
326,METABatt_Sony_Murata_18650VTC6_326,27,27,11,97.0,57.6,57.6–97.0,39.4,21.88–25.25,"PUL, PAU",True,未通过三 SOC/四脉冲筛选的 SOH 阶段 16 个,≤60,"PUL, PAU"
329,METABatt_Sony_Murata_18650VTC6_329,27,27,13,97.0,57.2,57.2–97.0,39.8,22.19–25.38,"PUL, PAU",True,未通过三 SOC/四脉冲筛选的 SOH 阶段 14 个,≤60,"PUL, PAU"
330,METABatt_Sony_Murata_18650VTC6_330,27,27,10,96.6,53.9,53.9–96.6,42.699999999999996,22.25–25.50,"PUL, PAU",True,未通过三 SOC/四脉冲筛选的 SOH 阶段 17 个,≤60,"PUL, PAU"
332,METABatt_Sony_Murata_18650VTC6_332,27,27,21,96.8,70.3,70.3–96.8,26.5,22.00–25.44,"PUL, PAU",True,未通过三 SOC/四脉冲筛选的 SOH 阶段 6 个,70–75,"PUL, PAU"
333,METABatt_Sony_Murata_18650VTC6_333,26,26,6,96.8,57.5,57.5–96.8,39.3,22.38–25.56,"PUL, PAU",True,未通过三 SOC/四脉冲筛选的 SOH 阶段 20 个,≤60,"PUL, PAU"
334,METABatt_Sony_Murata_18650VTC6_334,27,27,11,96.8,57.4,57.4–96.8,39.4,22.38–25.31,"PUL, PAU",True,未通过三 SOC/四脉冲筛选的 SOH 阶段 16 个,≤60,"PUL, PAU"
335,METABatt_Sony_Murata_18650VTC6_335,26,26,21,96.7,72.0,72.0–96.7,24.700000000000003,22.44–25.31,"PUL, PAU",True,未通过三 SOC/四脉冲筛选的 SOH 阶段 5 个,70–75,"PUL, PAU"
336,METABatt_Sony_Murata_18650VTC6_336,27,27,23,96.7,72.6,72.6–96.7,24.10000000000001,22.19–25.50,"PUL, PAU",True,未通过三 SOC/四脉冲筛选的 SOH 阶段 4 个,70–75,"PUL, PAU"
337,METABatt_Sony_Murata_18650VTC6_337,27,27,22,96.9,71.9,71.9–96.9,25.0,22.12–25.44,"PUL, PAU",True,未通过三 SOC/四脉冲筛选的 SOH 阶段 5 个,70–75,"PUL, PAU"
338,METABatt_Sony_Murata_18650VTC6_338,27,27,11,97.1,54.4,54.4–97.1,42.699999999999996,21.94–25.38,"PUL, PAU",True,未通过三 SOC/四脉冲筛选的 SOH 阶段 16 个,≤60,"PUL, PAU"
339,METABatt_Sony_Murata_18650VTC6_339,26,26,17,96.9,62.4,62.4–96.9,34.50000000000001,22.62–25.25,"PUL, PAU",True,未通过三 SOC/四脉冲筛选的 SOH 阶段 9 个,60–70,"PUL, PAU"
341,METABatt_Sony_Murata_18650VTC6_341,27,27,11,96.9,58.0,58.0–96.9,38.900000000000006,21.94–25.19,"PUL, PAU",True,未通过三 SOC/四脉冲筛选的 SOH 阶段 16 个,≤60,"PUL, PAU"
342,METABatt_Sony_Murata_18650VTC6_342,27,27,13,96.8,58.1,58.1–96.8,38.699999999999996,22.19–25.44,"PUL, PAU",True,未通过三 SOC/四脉冲筛选的 SOH 阶段 14 个,≤60,"PUL, PAU"
344,METABatt_Sony_Murata_18650VTC6_344,27,27,12,96.7,57.1,57.1–96.7,39.6,22.38–25.25,"PUL, PAU",True,未通过三 SOC/四脉冲筛选的 SOH 阶段 15 个,≤60,"PUL, PAU"
345,METABatt_Sony_Murata_18650VTC6_345,26,26,18,96.7,69.9,69.9–96.7,26.799999999999997,22.12–25.12,"PUL, PAU",True,未通过三 SOC/四脉冲筛选的 SOH 阶段 8 个,60–70,"PUL, PAU"
346,METABatt_Sony_Murata_18650VTC6_346,26,26,21,96.8,71.9,71.9–96.8,24.89999999999999,22.25–25.06,"PUL, PAU",True,未通过三 SOC/四脉冲筛选的 SOH 阶段 5 个,70–75,"PUL, PAU"
347,METABatt_Sony_Murata_18650VTC6_347,26,26,19,96.8,70.8,70.8–96.8,26.0,22.19–25.19,"PUL, PAU",True,未通过三 SOC/四脉冲筛选的 SOH 阶段 7 个,70–75,"PUL, PAU"
348,METABatt_Sony_Murata_18650VTC6_348,26,26,22,96.8,72.4,72.4–96.8,24.39999999999999,22.50–25.12,"PUL, PAU",True,未通过三 SOC/四脉冲筛选的 SOH 阶段 4 个,70–75,"PUL, PAU"
349,METABatt_Sony_Murata_18650VTC6_349,26,26,8,96.9,50.6,50.6–96.9,46.300000000000004,22.12–25.50,"PUL, PAU",True,未通过三 SOC/四脉冲筛选的 SOH 阶段 18 个,≤60,"PUL, PAU"
350,METABatt_Sony_Murata_18650VTC6_350,26,26,19,96.9,71.5,71.5–96.9,25.400000000000006,22.25–25.56,"PUL, PAU",True,未通过三 SOC/四脉冲筛选的 SOH 阶段 7 个,70–75,"PUL, PAU"
351,METABatt_Sony_Murata_18650VTC6_351,26,26,24,97.2,73.4,73.4–97.2,23.799999999999997,22.25–25.19,"PUL, PAU",True,未通过三 SOC/四脉冲筛选的 SOH 阶段 2 个,70–75,"PUL, PAU"
352,METABatt_Sony_Murata_18650VTC6_352,26,26,22,97.1,72.5,72.5–97.1,24.599999999999994,22.19–25.25,"PUL, PAU",True,未通过三 SOC/四脉冲筛选的 SOH 阶段 4 个,70–75,"PUL, PAU"
353,METABatt_Sony_Murata_18650VTC6_353,27,27,27,97.4,74.7,74.7–97.4,22.700000000000003,22.12–25.56,"PUL, PAU",False,无,70–75,"PUL, PAU"
357,METABatt_Sony_Murata_18650VTC6_357,26,26,23,97.3,73.1,73.1–97.3,24.200000000000003,22.19–25.31,"PUL, PAU",True,未通过三 SOC/四脉冲筛选的 SOH 阶段 3 个,70–75,"PUL, PAU"
358,METABatt_Sony_Murata_18650VTC6_358,26,26,21,97.3,72.0,72.0–97.3,25.299999999999997,22.19–25.44,"PUL, PAU",True,未通过三 SOC/四脉冲筛选的 SOH 阶段 5 个,70–75,"PUL, PAU"
362,METABatt_Sony_Murata_18650VTC6_362,26,26,21,97.4,71.5,71.5–97.4,25.900000000000006,22.12–25.19,"PUL, PAU",True,未通过三 SOC/四脉冲筛选的 SOH 阶段 5 个,70–75,"PUL, PAU"
418,METABatt_Sony_Murata_18650VTC6_418,1,1,0,91.4,91.4,91.4–91.4,0.0,24.69–24.88,"PUL, PAU",True,未通过三 SOC/四脉冲筛选的 SOH 阶段 1 个,90–95,"PUL, PAU"
423,METABatt_Sony_Murata_18650VTC6_423,1,1,0,91.9,91.9,91.9–91.9,0.0,24.81–25.25,"PUL, PAU",True,未通过三 SOC/四脉冲筛选的 SOH 阶段 1 个,90–95,"PUL, PAU"
424,METABatt_Sony_Murata_18650VTC6_424,1,1,0,91.9,91.9,91.9–91.9,0.0,24.81–25.12,"PUL, PAU",True,未通过三 SOC/四脉冲筛选的 SOH 阶段 1 个,90–95,"PUL, PAU"
429,METABatt_Sony_Murata_18650VTC6_429,1,1,0,92.0,92.0,92.0–92.0,0.0,24.88–25.00,"PAU, PUL",True,未通过三 SOC/四脉冲筛选的 SOH 阶段 1 个,90–95,"PAU, PUL"
434,METABatt_Sony_Murata_18650VTC6_434,1,1,0,92.0,92.0,92.0–92.0,0.0,24.62–24.81,"PUL, PAU",True,未通过三 SOC/四脉冲筛选的 SOH 阶段 1 个,90–95,"PUL, PAU"
503,METABatt_Sony_Murata_18650VTC6_503,19,19,7,98.4,62.9,62.9–98.4,35.50000000000001,24.44–25.56,"PUL, PAU",True,未通过三 SOC/四脉冲筛选的 SOH 阶段 12 个,60–70,"PUL, PAU"
504,METABatt_Sony_Murata_18650VTC6_504,18,18,12,98.3,67.1,67.1–98.3,31.200000000000003,24.31–25.81,"PUL, PAU",True,未通过三 SOC/四脉冲筛选的 SOH 阶段 6 个,60–70,"PUL, PAU"
505,METABatt_Sony_Murata_18650VTC6_505,19,19,14,98.3,69.7,69.7–98.3,28.599999999999994,24.25–25.31,"PUL, PAU",True,未通过三 SOC/四脉冲筛选的 SOH 阶段 5 个,60–70,"PUL, PAU"
506,METABatt_Sony_Murata_18650VTC6_506,15,15,1,96.3,63.0,63.0–96.3,33.3,24.31–46.50,"PUL, PAU",True,未通过三 SOC/四脉冲筛选的 SOH 阶段 13 个,60–70,"PUL, PAU"
507,METABatt_Sony_Murata_18650VTC6_507,18,18,14,98.4,70.1,70.1–98.4,28.30000000000001,24.12–25.75,"PUL, PAU",True,未通过三 SOC/四脉冲筛选的 SOH 阶段 4 个,70–75,"PUL, PAU"
508,METABatt_Sony_Murata_18650VTC6_508,19,19,12,98.2,67.2,67.2–98.2,31.0,24.38–25.69,"PUL, PAU",True,未通过三 SOC/四脉冲筛选的 SOH 阶段 7 个,60–70,"PUL, PAU"
509,METABatt_Sony_Murata_18650VTC6_509,19,19,17,98.1,72.8,72.8–98.1,25.299999999999997,24.19–25.31,"PUL, PAU",True,未通过三 SOC/四脉冲筛选的 SOH 阶段 2 个,70–75,"PUL, PAU"
510,METABatt_Sony_Murata_18650VTC6_510,19,19,1,98.5,69.7,69.7–98.5,28.799999999999997,24.50–26.00,"PUL, PAU",True,未通过三 SOC/四脉冲筛选的 SOH 阶段 18 个,60–70,"PUL, PAU"
511,METABatt_Sony_Murata_18650VTC6_511,19,19,14,98.2,69.7,69.7–98.2,28.5,23.94–25.00,"PUL, PAU",True,未通过三 SOC/四脉冲筛选的 SOH 阶段 5 个,60–70,"PUL, PAU"
512,METABatt_Sony_Murata_18650VTC6_512,19,19,1,98.3,75.2,75.2–98.3,23.099999999999994,24.38–26.06,"PUL, PAU",True,未通过三 SOC/四脉冲筛选的 SOH 阶段 18 个,75–80,"PUL, PAU"
513,METABatt_Sony_Murata_18650VTC6_513,19,19,17,98.3,73.6,73.6–98.3,24.700000000000003,23.88–25.00,"PUL, PAU",True,未通过三 SOC/四脉冲筛选的 SOH 阶段 2 个,70–75,"PUL, PAU"
514,METABatt_Sony_Murata_18650VTC6_514,19,19,14,98.5,69.8,69.8–98.5,28.700000000000003,24.19–25.31,"PUL, PAU",True,未通过三 SOC/四脉冲筛选的 SOH 阶段 5 个,60–70,"PUL, PAU"
515,METABatt_Sony_Murata_18650VTC6_515,19,19,14,98.4,70.0,70.0–98.4,28.400000000000006,24.25–25.88,"PUL, PAU",True,未通过三 SOC/四脉冲筛选的 SOH 阶段 5 个,60–70,"PUL, PAU"
516,METABatt_Sony_Murata_18650VTC6_516,19,19,14,98.4,71.4,71.4–98.4,27.0,24.12–25.50,"PUL, PAU",True,未通过三 SOC/四脉冲筛选的 SOH 阶段 5 个,70–75,"PUL, PAU"
517,METABatt_Sony_Murata_18650VTC6_517,19,19,14,98.4,68.1,68.1–98.4,30.30000000000001,24.31–25.62,"PUL, PAU",True,未通过三 SOC/四脉冲筛选的 SOH 阶段 5 个,60–70,"PUL, PAU"
518,METABatt_Sony_Murata_18650VTC6_518,19,19,1,98.3,69.7,69.7–98.3,28.599999999999994,24.25–25.81,"PUL, PAU",True,未通过三 SOC/四脉冲筛选的 SOH 阶段 18 个,60–70,"PUL, PAU"
519,METABatt_Sony_Murata_18650VTC6_519,19,19,9,98.4,65.0,65.0–98.4,33.400000000000006,23.94–25.31,"PUL, PAU",True,未通过三 SOC/四脉冲筛选的 SOH 阶段 10 个,60–70,"PUL, PAU"
521,METABatt_Sony_Murata_18650VTC6_521,19,19,7,98.3,62.8,62.8–98.3,35.5,24.19–25.25,"PUL, PAU",True,未通过三 SOC/四脉冲筛选的 SOH 阶段 12 个,60–70,"PUL, PAU"
522,METABatt_Sony_Murata_18650VTC6_522,18,18,1,98.3,69.8,69.8–98.3,28.5,24.50–25.62,"PUL, PAU",True,未通过三 SOC/四脉冲筛选的 SOH 阶段 17 个,60–70,"PUL, PAU"
523,METABatt_Sony_Murata_18650VTC6_523,19,19,17,98.3,73.7,73.7–98.3,24.599999999999994,24.00–25.62,"PUL, PAU",True,未通过三 SOC/四脉冲筛选的 SOH 阶段 2 个,70–75,"PUL, PAU"
527,METABatt_Sony_Murata_18650VTC6_527,19,19,12,98.3,67.3,67.3–98.3,31.0,24.31–25.44,"PUL, PAU",True,未通过三 SOC/四脉冲筛选的 SOH 阶段 7 个,60–70,"PUL, PAU"
528,METABatt_Sony_Murata_18650VTC6_528,19,19,1,98.5,64.5,64.5–98.5,34.0,24.00–25.38,"PUL, PAU",True,未通过三 SOC/四脉冲筛选的 SOH 阶段 18 个,60–70,"PUL, PAU"
529,METABatt_Sony_Murata_18650VTC6_529,19,19,9,98.3,64.7,64.7–98.3,33.599999999999994,23.81–24.81,"PUL, PAU",True,未通过三 SOC/四脉冲筛选的 SOH 阶段 10 个,60–70,"PUL, PAU"
530,METABatt_Sony_Murata_18650VTC6_530,19,19,1,98.5,62.8,62.8–98.5,35.7,24.31–25.44,"PUL, PAU",True,未通过三 SOC/四脉冲筛选的 SOH 阶段 18 个,60–70,"PUL, PAU"
532,METABatt_Sony_Murata_18650VTC6_532,19,19,18,98.3,74.0,74.0–98.3,24.299999999999997,23.81–25.00,"PUL, PAU",True,未通过三 SOC/四脉冲筛选的 SOH 阶段 1 个,70–75,"PUL, PAU"
533,METABatt_Sony_Murata_18650VTC6_533,19,19,12,98.4,67.2,67.2–98.4,31.200000000000003,24.25–25.31,"PUL, PAU",True,未通过三 SOC/四脉冲筛选的 SOH 阶段 7 个,60–70,"PUL, PAU"
534,METABatt_Sony_Murata_18650VTC6_534,19,19,1,98.5,67.6,67.6–98.5,30.900000000000006,24.56–25.94,"PUL, PAU",True,未通过三 SOC/四脉冲筛选的 SOH 阶段 18 个,60–70,"PUL, PAU"
535,METABatt_Sony_Murata_18650VTC6_535,18,18,12,98.4,67.9,67.9–98.4,30.5,24.19–25.50,"PUL, PAU",True,未通过三 SOC/四脉冲筛选的 SOH 阶段 6 个,60–70,"PUL, PAU"
536,METABatt_Sony_Murata_18650VTC6_536,19,19,8,98.2,64.6,64.6–98.2,33.60000000000001,23.81–24.88,"PUL, PAU",True,未通过三 SOC/四脉冲筛选的 SOH 阶段 11 个,60–70,"PUL, PAU"
537,METABatt_Sony_Murata_18650VTC6_537,19,19,14,98.4,69.7,69.7–98.4,28.700000000000003,23.75–25.00,"PUL, PAU",True,未通过三 SOC/四脉冲筛选的 SOH 阶段 5 个,60–70,"PUL, PAU"
538,METABatt_Sony_Murata_18650VTC6_538,19,19,17,98.3,73.6,73.6–98.3,24.700000000000003,24.25–25.38,"PUL, PAU",True,未通过三 SOC/四脉冲筛选的 SOH 阶段 2 个,70–75,"PUL, PAU"
539,METABatt_Sony_Murata_18650VTC6_539,19,19,1,98.2,73.0,73.0–98.2,25.200000000000003,24.12–25.69,"PUL, PAU",True,未通过三 SOC/四脉冲筛选的 SOH 阶段 18 个,70–75,"PUL, PAU"
540,METABatt_Sony_Murata_18650VTC6_540,19,19,13,98.4,70.5,70.5–98.4,27.900000000000006,24.38–25.94,"PUL, PAU",True,未通过三 SOC/四脉冲筛选的 SOH 阶段 6 个,70–75,"PUL, PAU"
541,METABatt_Sony_Murata_18650VTC6_541,19,19,18,98.4,74.4,74.4–98.4,24.0,24.00–25.94,"PUL, PAU",True,未通过三 SOC/四脉冲筛选的 SOH 阶段 1 个,70–75,"PUL, PAU"
542,METABatt_Sony_Murata_18650VTC6_542,19,19,1,98.2,82.5,82.5–98.2,15.700000000000003,24.00–25.19,"PUL, PAU",True,未通过三 SOC/四脉冲筛选的 SOH 阶段 18 个,80–85,"PUL, PAU"
543,METABatt_Sony_Murata_18650VTC6_543,18,16,1,107.3,53.8,53.8–107.3,53.5,24.44–25.69,"PUL, PAU",True,无法使用的文件 2 个；未通过三 SOC/四脉冲筛选的 SOH 阶段 15 个,≤60,"PUL, PAU"
544,METABatt_Sony_Murata_18650VTC6_544,19,19,17,98.4,73.0,73.0–98.4,25.400000000000006,24.19–25.31,"PUL, PAU",True,未通过三 SOC/四脉冲筛选的 SOH 阶段 2 个,70–75,"PUL, PAU"
545,METABatt_Sony_Murata_18650VTC6_545,19,19,13,98.6,70.4,70.4–98.6,28.19999999999999,24.25–25.31,"PUL, PAU",True,未通过三 SOC/四脉冲筛选的 SOH 阶段 6 个,70–75,"PUL, PAU"
546,METABatt_Sony_Murata_18650VTC6_546,19,19,14,98.6,69.8,69.8–98.6,28.799999999999997,24.31–26.19,"PUL, PAU",True,未通过三 SOC/四脉冲筛选的 SOH 阶段 5 个,60–70,"PUL, PAU"
547,METABatt_Sony_Murata_18650VTC6_547,19,19,1,98.4,69.8,69.8–98.4,28.60000000000001,24.44–26.19,"PUL, PAU",True,未通过三 SOC/四脉冲筛选的 SOH 阶段 18 个,60–70,"PUL, PAU"
548,METABatt_Sony_Murata_18650VTC6_548,19,19,17,98.4,73.4,73.4–98.4,25.0,23.94–25.00,"PUL, PAU",True,未通过三 SOC/四脉冲筛选的 SOH 阶段 2 个,70–75,"PUL, PAU"
549,METABatt_Sony_Murata_18650VTC6_549,19,19,6,98.5,63.0,63.0–98.5,35.5,24.38–26.50,"PUL, PAU",True,未通过三 SOC/四脉冲筛选的 SOH 阶段 13 个,60–70,"PUL, PAU"
550,METABatt_Sony_Murata_18650VTC6_550,19,19,13,98.4,70.3,70.3–98.4,28.10000000000001,24.38–25.56,"PUL, PAU",True,未通过三 SOC/四脉冲筛选的 SOH 阶段 6 个,70–75,"PUL, PAU"
551,METABatt_Sony_Murata_18650VTC6_551,1,1,0,91.8,91.8,91.8–91.8,0.0,24.75–25.25,"PUL, PAU",True,未通过三 SOC/四脉冲筛选的 SOH 阶段 1 个,90–95,"PUL, PAU"
552,METABatt_Sony_Murata_18650VTC6_552,1,1,0,91.8,91.8,91.8–91.8,0.0,24.56–25.00,"PUL, PAU",True,未通过三 SOC/四脉冲筛选的 SOH 阶段 1 个,90–95,"PUL, PAU"
553,METABatt_Sony_Murata_18650VTC6_553,1,1,0,92.0,92.0,92.0–92.0,0.0,24.44–24.75,"PUL, PAU",True,未通过三 SOC/四脉冲筛选的 SOH 阶段 1 个,90–95,"PUL, PAU"
554,METABatt_Sony_Murata_18650VTC6_554,1,1,0,91.8,91.8,91.8–91.8,0.0,24.50–24.94,"PAU, PUL",True,未通过三 SOC/四脉冲筛选的 SOH 阶段 1 个,90–95,"PAU, PUL"
555,METABatt_Sony_Murata_18650VTC6_555,1,1,0,91.8,91.8,91.8–91.8,0.0,24.38–24.75,"PUL, PAU",True,未通过三 SOC/四脉冲筛选的 SOH 阶段 1 个,90–95,"PUL, PAU"
556,METABatt_Sony_Murata_18650VTC6_556,1,1,0,91.8,91.8,91.8–91.8,0.0,24.50–24.88,"PUL, PAU",True,未通过三 SOC/四脉冲筛选的 SOH 阶段 1 个,90–95,"PUL, PAU"
557,METABatt_Sony_Murata_18650VTC6_557,1,1,0,91.9,91.9,91.9–91.9,0.0,24.56–25.06,"PAU, PUL",True,未通过三 SOC/四脉冲筛选的 SOH 阶段 1 个,90–95,"PAU, PUL"
559,METABatt_Sony_Murata_18650VTC6_559,4,2,0,91.9,91.8,91.8–91.9,0.10000000000000853,24.81–25.00,"PAU, PUL",True,无法使用的文件 2 个；未通过三 SOC/四脉冲筛选的 SOH 阶段 2 个,90–95,"PAU, PUL"
560,METABatt_Sony_Murata_18650VTC6_560,1,1,0,91.7,91.7,91.7–91.7,0.0,24.94–25.12,"PAU, PUL",True,未通过三 SOC/四脉冲筛选的 SOH 阶段 1 个,90–95,"PAU, PUL"
561,METABatt_Sony_Murata_18650VTC6_561,1,1,0,91.8,91.8,91.8–91.8,0.0,24.62–25.12,"PAU, PUL",True,未通过三 SOC/四脉冲筛选的 SOH 阶段 1 个,90–95,"PAU, PUL"
563,METABatt_Sony_Murata_18650VTC6_563,1,1,0,91.9,91.9,91.9–91.9,0.0,24.50–24.88,"PUL, PAU",True,未通过三 SOC/四脉冲筛选的 SOH 阶段 1 个,90–95,"PUL, PAU"
564,METABatt_Sony_Murata_18650VTC6_564,1,1,0,91.7,91.7,91.7–91.7,0.0,24.94–25.31,"PUL, PAU",True,未通过三 SOC/四脉冲筛选的 SOH 阶段 1 个,90–95,"PUL, PAU"
565,METABatt_Sony_Murata_18650VTC6_565,1,1,0,92.1,92.1,92.1–92.1,0.0,24.69–24.88,"PAU, PUL",True,未通过三 SOC/四脉冲筛选的 SOH 阶段 1 个,90–95,"PAU, PUL"
566,METABatt_Sony_Murata_18650VTC6_566,1,1,0,91.9,91.9,91.9–91.9,0.0,24.31–24.81,"PUL, PAU",True,未通过三 SOC/四脉冲筛选的 SOH 阶段 1 个,90–95,"PUL, PAU"
567,METABatt_Sony_Murata_18650VTC6_567,1,1,0,91.8,91.8,91.8–91.8,0.0,24.81–25.12,"PUL, PAU",True,未通过三 SOC/四脉冲筛选的 SOH 阶段 1 个,90–95,"PUL, PAU"
568,METABatt_Sony_Murata_18650VTC6_568,1,1,0,91.8,91.8,91.8–91.8,0.0,24.50–24.81,"PAU, PUL",True,未通过三 SOC/四脉冲筛选的 SOH 阶段 1 个,90–95,"PAU, PUL"
569,METABatt_Sony_Murata_18650VTC6_569,1,1,0,91.8,91.8,91.8–91.8,0.0,24.81–25.38,"PUL, PAU",True,未通过三 SOC/四脉冲筛选的 SOH 阶段 1 个,90–95,"PUL, PAU"
570,METABatt_Sony_Murata_18650VTC6_570,1,1,0,91.7,91.7,91.7–91.7,0.0,24.75–25.25,"PUL, PAU",True,未通过三 SOC/四脉冲筛选的 SOH 阶段 1 个,90–95,"PUL, PAU"
571,METABatt_Sony_Murata_18650VTC6_571,1,1,0,91.7,91.7,91.7–91.7,0.0,24.50–24.62,"PAU, PUL",True,未通过三 SOC/四脉冲筛选的 SOH 阶段 1 个,90–95,"PAU, PUL"
572,METABatt_Sony_Murata_18650VTC6_572,19,19,17,98.8,73.9,73.9–98.8,24.89999999999999,23.81–25.00,"PUL, PAU",True,未通过三 SOC/四脉冲筛选的 SOH 阶段 2 个,70–75,"PUL, PAU"
574,METABatt_Sony_Murata_18650VTC6_574,1,1,0,92.1,92.1,92.1–92.1,0.0,24.94–25.19,"PUL, PAU",True,未通过三 SOC/四脉冲筛选的 SOH 阶段 1 个,90–95,"PUL, PAU"
575,METABatt_Sony_Murata_18650VTC6_575,1,1,0,91.9,91.9,91.9–91.9,0.0,24.50–25.00,"PUL, PAU",True,未通过三 SOC/四脉冲筛选的 SOH 阶段 1 个,90–95,"PUL, PAU"
576,METABatt_Sony_Murata_18650VTC6_576,1,1,0,91.9,91.9,91.9–91.9,0.0,24.50–24.88,"PUL, PAU",True,未通过三 SOC/四脉冲筛选的 SOH 阶段 1 个,90–95,"PUL, PAU"
578,METABatt_Sony_Murata_18650VTC6_578,1,1,0,91.8,91.8,91.8–91.8,0.0,24.62–25.06,"PAU, PUL",True,未通过三 SOC/四脉冲筛选的 SOH 阶段 1 个,90–95,"PAU, PUL"
579,METABatt_Sony_Murata_18650VTC6_579,1,1,0,91.7,91.7,91.7–91.7,0.0,24.44–24.94,"PUL, PAU",True,未通过三 SOC/四脉冲筛选的 SOH 阶段 1 个,90–95,"PUL, PAU"
580,METABatt_Sony_Murata_18650VTC6_580,1,1,0,91.7,91.7,91.7–91.7,0.0,24.75–25.12,"PUL, PAU",True,未通过三 SOC/四脉冲筛选的 SOH 阶段 1 个,90–95,"PUL, PAU"
581,METABatt_Sony_Murata_18650VTC6_581,1,1,0,91.6,91.6,91.6–91.6,0.0,24.69–25.12,"PAU, PUL",True,未通过三 SOC/四脉冲筛选的 SOH 阶段 1 个,90–95,"PAU, PUL"
582,METABatt_Sony_Murata_18650VTC6_582,1,1,0,91.8,91.8,91.8–91.8,0.0,24.50–24.94,"PUL, PAU",True,未通过三 SOC/四脉冲筛选的 SOH 阶段 1 个,90–95,"PUL, PAU"
583,METABatt_Sony_Murata_18650VTC6_583,1,1,0,91.7,91.7,91.7–91.7,0.0,24.50–25.12,"PAU, PUL",True,未通过三 SOC/四脉冲筛选的 SOH 阶段 1 个,90–95,"PAU, PUL"
585,METABatt_Sony_Murata_18650VTC6_585,1,1,0,91.8,91.8,91.8–91.8,0.0,24.94–25.44,"PAU, PUL",True,未通过三 SOC/四脉冲筛选的 SOH 阶段 1 个,90–95,"PAU, PUL"
587,METABatt_Sony_Murata_18650VTC6_587,1,1,0,91.8,91.8,91.8–91.8,0.0,24.69–25.00,"PAU, PUL",True,未通过三 SOC/四脉冲筛选的 SOH 阶段 1 个,90–95,"PAU, PUL"
588,METABatt_Sony_Murata_18650VTC6_588,1,1,0,91.9,91.9,91.9–91.9,0.0,24.44–24.94,"PUL, PAU",True,未通过三 SOC/四脉冲筛选的 SOH 阶段 1 个,90–95,"PUL, PAU"
589,METABatt_Sony_Murata_18650VTC6_589,1,1,0,91.8,91.8,91.8–91.8,0.0,24.56–25.00,"PUL, PAU",True,未通过三 SOC/四脉冲筛选的 SOH 阶段 1 个,90–95,"PUL, PAU"
590,METABatt_Sony_Murata_18650VTC6_590,1,1,0,91.7,91.7,91.7–91.7,0.0,24.56–25.12,"PUL, PAU",True,未通过三 SOC/四脉冲筛选的 SOH 阶段 1 个,90–95,"PUL, PAU"
592,METABatt_Sony_Murata_18650VTC6_592,1,1,0,91.9,91.9,91.9–91.9,0.0,24.62–24.88,"PAU, PUL",True,未通过三 SOC/四脉冲筛选的 SOH 阶段 1 个,90–95,"PAU, PUL"
593,METABatt_Sony_Murata_18650VTC6_593,1,1,0,92.0,92.0,92.0–92.0,0.0,24.50–24.94,"PAU, PUL",True,未通过三 SOC/四脉冲筛选的 SOH 阶段 1 个,90–95,"PAU, PUL"
594,METABatt_Sony_Murata_18650VTC6_594,1,1,0,91.8,91.8,91.8–91.8,0.0,24.62–25.00,"PUL, PAU",True,未通过三 SOC/四脉冲筛选的 SOH 阶段 1 个,90–95,"PUL, PAU"
595,METABatt_Sony_Murata_18650VTC6_595,1,1,0,91.9,91.9,91.9–91.9,0.0,24.62–25.00,"PAU, PUL",True,未通过三 SOC/四脉冲筛选的 SOH 阶段 1 个,90–95,"PAU, PUL"
596,METABatt_Sony_Murata_18650VTC6_596,1,1,0,91.9,91.9,91.9–91.9,0.0,24.81–24.94,"PUL, PAU",True,未通过三 SOC/四脉冲筛选的 SOH 阶段 1 个,90–95,"PUL, PAU"
597,METABatt_Sony_Murata_18650VTC6_597,1,1,0,91.7,91.7,91.7–91.7,0.0,24.75–25.25,"PAU, PUL",True,未通过三 SOC/四脉冲筛选的 SOH 阶段 1 个,90–95,"PAU, PUL"
598,METABatt_Sony_Murata_18650VTC6_598,1,1,0,91.7,91.7,91.7–91.7,0.0,24.69–25.06,"PAU, PUL",True,未通过三 SOC/四脉冲筛选的 SOH 阶段 1 个,90–95,"PAU, PUL"
599,METABatt_Sony_Murata_18650VTC6_599,1,1,0,91.7,91.7,91.7–91.7,0.0,24.69–25.00,"PUL, PAU",True,未通过三 SOC/四脉冲筛选的 SOH 阶段 1 个,90–95,"PUL, PAU"
600,METABatt_Sony_Murata_18650VTC6_600,1,1,0,91.7,91.7,91.7–91.7,0.0,24.69–25.06,"PAU, PUL",True,未通过三 SOC/四脉冲筛选的 SOH 阶段 1 个,90–95,"PAU, PUL"
