sample_id,Battery_ID,split,obs_len,pred_len
0,4,train,2,28
1,4,train,3,27
2,4,train,4,26
3,4,train,5,25
4,4,train,6,24
5,4,train,7,23
6,4,train,8,22
7,4,train,9,21
8,4,train,10,20
9,4,train,11,19
10,4,train,12,18
11,4,train,13,17
12,4,train,14,16
13,4,train,15,15
14,4,train,16,14
15,4,train,17,13
16,4,train,18,12
17,4,train,19,11
18,4,train,20,10
19,4,train,21,9
20,4,train,22,8
21,4,train,23,7
22,4,train,24,6
23,4,train,25,5
24,4,train,26,4
25,4,train,27,3
26,4,train,28,2
27,4,train,29,1
28,5,val,11,17
29,6,train,2,25
30,6,train,3,24
31,6,train,4,23
32,6,train,5,22
33,6,train,6,21
34,6,train,7,20
35,6,train,8,19
36,6,train,9,18
37,6,train,10,17
38,6,train,11,16
39,6,train,12,15
40,6,train,13,14
41,6,train,14,13
42,6,train,15,12
43,6,train,16,11
44,6,train,17,10
45,6,train,18,9
46,6,train,19,8
47,6,train,20,7
48,6,train,21,6
49,6,train,22,5
50,6,train,23,4
51,6,train,24,3
52,6,train,25,2
53,6,train,26,1
54,7,train,2,22
55,7,train,3,21
56,7,train,4,20
57,7,train,5,19
58,7,train,6,18
59,7,train,7,17
60,7,train,8,16
61,7,train,9,15
62,7,train,10,14
63,7,train,11,13
64,7,train,12,12
65,7,train,13,11
66,7,train,14,10
67,7,train,15,9
68,7,train,16,8
69,7,train,17,7
70,7,train,18,6
71,7,train,19,5
72,7,train,20,4
73,7,train,21,3
74,7,train,22,2
75,7,train,23,1
76,9,test,2,3
77,10,train,2,25
78,10,train,3,24
79,10,train,4,23
80,10,train,5,22
81,10,train,6,21
82,10,train,7,20
83,10,train,8,19
84,10,train,9,18
85,10,train,10,17
86,10,train,11,16
87,10,train,12,15
88,10,train,13,14
89,10,train,14,13
90,10,train,15,12
91,10,train,16,11
92,10,train,17,10
93,10,train,18,9
94,10,train,19,8
95,10,train,20,7
96,10,train,21,6
97,10,train,22,5
98,10,train,23,4
99,10,train,24,3
100,10,train,25,2
101,10,train,26,1
102,11,test,10,16
103,14,test,6,8
104,15,test,12,17
105,16,test,10,15
106,17,test,2,3
107,18,train,2,4
108,18,train,3,3
109,18,train,4,2
110,18,train,5,1
111,19,train,2,3
112,19,train,3,2
113,19,train,4,1
114,20,test,9,13
115,21,test,12,18
116,22,train,2,26
117,22,train,3,25
118,22,train,4,24
119,22,train,5,23
120,22,train,6,22
121,22,train,7,21
122,22,train,8,20
123,22,train,9,19
124,22,train,10,18
125,22,train,11,17
126,22,train,12,16
127,22,train,13,15
128,22,train,14,14
129,22,train,15,13
130,22,train,16,12
131,22,train,17,11
132,22,train,18,10
133,22,train,19,9
134,22,train,20,8
135,22,train,21,7
136,22,train,22,6
137,22,train,23,5
138,22,train,24,4
139,22,train,25,3
140,22,train,26,2
141,22,train,27,1
142,23,train,2,27
143,23,train,3,26
144,23,train,4,25
145,23,train,5,24
146,23,train,6,23
147,23,train,7,22
148,23,train,8,21
149,23,train,9,20
150,23,train,10,19
151,23,train,11,18
152,23,train,12,17
153,23,train,13,16
154,23,train,14,15
155,23,train,15,14
156,23,train,16,13
157,23,train,17,12
158,23,train,18,11
159,23,train,19,10
160,23,train,20,9
161,23,train,21,8
162,23,train,22,7
163,23,train,23,6
164,23,train,24,5
165,23,train,25,4
166,23,train,26,3
167,23,train,27,2
168,23,train,28,1
169,24,train,2,25
170,24,train,3,24
171,24,train,4,23
172,24,train,5,22
173,24,train,6,21
174,24,train,7,20
175,24,train,8,19
176,24,train,9,18
177,24,train,10,17
178,24,train,11,16
179,24,train,12,15
180,24,train,13,14
181,24,train,14,13
182,24,train,15,12
183,24,train,16,11
184,24,train,17,10
185,24,train,18,9
186,24,train,19,8
187,24,train,20,7
188,24,train,21,6
189,24,train,22,5
190,24,train,23,4
191,24,train,24,3
192,24,train,25,2
193,24,train,26,1
194,25,val,12,18
195,26,test,12,17
196,27,train,2,26
197,27,train,3,25
198,27,train,4,24
199,27,train,5,23
200,27,train,6,22
201,27,train,7,21
202,27,train,8,20
203,27,train,9,19
204,27,train,10,18
205,27,train,11,17
206,27,train,12,16
207,27,train,13,15
208,27,train,14,14
209,27,train,15,13
210,27,train,16,12
211,27,train,17,11
212,27,train,18,10
213,27,train,19,9
214,27,train,20,8
215,27,train,21,7
216,27,train,22,6
217,27,train,23,5
218,27,train,24,4
219,27,train,25,3
220,27,train,26,2
221,27,train,27,1
222,32,val,11,17
223,33,train,2,26
224,33,train,3,25
225,33,train,4,24
226,33,train,5,23
227,33,train,6,22
228,33,train,7,21
229,33,train,8,20
230,33,train,9,19
231,33,train,10,18
232,33,train,11,17
233,33,train,12,16
234,33,train,13,15
235,33,train,14,14
236,33,train,15,13
237,33,train,16,12
238,33,train,17,11
239,33,train,18,10
240,33,train,19,9
241,33,train,20,8
242,33,train,21,7
243,33,train,22,6
244,33,train,23,5
245,33,train,24,4
246,33,train,25,3
247,33,train,26,2
248,33,train,27,1
249,34,train,2,26
250,34,train,3,25
251,34,train,4,24
252,34,train,5,23
253,34,train,6,22
254,34,train,7,21
255,34,train,8,20
256,34,train,9,19
257,34,train,10,18
258,34,train,11,17
259,34,train,12,16
260,34,train,13,15
261,34,train,14,14
262,34,train,15,13
263,34,train,16,12
264,34,train,17,11
265,34,train,18,10
266,34,train,19,9
267,34,train,20,8
268,34,train,21,7
269,34,train,22,6
270,34,train,23,5
271,34,train,24,4
272,34,train,25,3
273,34,train,26,2
274,34,train,27,1
275,35,train,2,26
276,35,train,3,25
277,35,train,4,24
278,35,train,5,23
279,35,train,6,22
280,35,train,7,21
281,35,train,8,20
282,35,train,9,19
283,35,train,10,18
284,35,train,11,17
285,35,train,12,16
286,35,train,13,15
287,35,train,14,14
288,35,train,15,13
289,35,train,16,12
290,35,train,17,11
291,35,train,18,10
292,35,train,19,9
293,35,train,20,8
294,35,train,21,7
295,35,train,22,6
296,35,train,23,5
297,35,train,24,4
298,35,train,25,3
299,35,train,26,2
300,35,train,27,1
301,37,train,2,26
302,37,train,3,25
303,37,train,4,24
304,37,train,5,23
305,37,train,6,22
306,37,train,7,21
307,37,train,8,20
308,37,train,9,19
309,37,train,10,18
310,37,train,11,17
311,37,train,12,16
312,37,train,13,15
313,37,train,14,14
314,37,train,15,13
315,37,train,16,12
316,37,train,17,11
317,37,train,18,10
318,37,train,19,9
319,37,train,20,8
320,37,train,21,7
321,37,train,22,6
322,37,train,23,5
323,37,train,24,4
324,37,train,25,3
325,37,train,26,2
326,37,train,27,1
327,38,train,2,26
328,38,train,3,25
329,38,train,4,24
330,38,train,5,23
331,38,train,6,22
332,38,train,7,21
333,38,train,8,20
334,38,train,9,19
335,38,train,10,18
336,38,train,11,17
337,38,train,12,16
338,38,train,13,15
339,38,train,14,14
340,38,train,15,13
341,38,train,16,12
342,38,train,17,11
343,38,train,18,10
344,38,train,19,9
345,38,train,20,8
346,38,train,21,7
347,38,train,22,6
348,38,train,23,5
349,38,train,24,4
350,38,train,25,3
351,38,train,26,2
352,38,train,27,1
353,41,train,2,26
354,41,train,3,25
355,41,train,4,24
356,41,train,5,23
357,41,train,6,22
358,41,train,7,21
359,41,train,8,20
360,41,train,9,19
361,41,train,10,18
362,41,train,11,17
363,41,train,12,16
364,41,train,13,15
365,41,train,14,14
366,41,train,15,13
367,41,train,16,12
368,41,train,17,11
369,41,train,18,10
370,41,train,19,9
371,41,train,20,8
372,41,train,21,7
373,41,train,22,6
374,41,train,23,5
375,41,train,24,4
376,41,train,25,3
377,41,train,26,2
378,41,train,27,1
379,42,train,2,26
380,42,train,3,25
381,42,train,4,24
382,42,train,5,23
383,42,train,6,22
384,42,train,7,21
385,42,train,8,20
386,42,train,9,19
387,42,train,10,18
388,42,train,11,17
389,42,train,12,16
390,42,train,13,15
391,42,train,14,14
392,42,train,15,13
393,42,train,16,12
394,42,train,17,11
395,42,train,18,10
396,42,train,19,9
397,42,train,20,8
398,42,train,21,7
399,42,train,22,6
400,42,train,23,5
401,42,train,24,4
402,42,train,25,3
403,42,train,26,2
404,42,train,27,1
405,43,test,10,16
406,44,train,2,26
407,44,train,3,25
408,44,train,4,24
409,44,train,5,23
410,44,train,6,22
411,44,train,7,21
412,44,train,8,20
413,44,train,9,19
414,44,train,10,18
415,44,train,11,17
416,44,train,12,16
417,44,train,13,15
418,44,train,14,14
419,44,train,15,13
420,44,train,16,12
421,44,train,17,11
422,44,train,18,10
423,44,train,19,9
424,44,train,20,8
425,44,train,21,7
426,44,train,22,6
427,44,train,23,5
428,44,train,24,4
429,44,train,25,3
430,44,train,26,2
431,44,train,27,1
432,46,train,2,26
433,46,train,3,25
434,46,train,4,24
435,46,train,5,23
436,46,train,6,22
437,46,train,7,21
438,46,train,8,20
439,46,train,9,19
440,46,train,10,18
441,46,train,11,17
442,46,train,12,16
443,46,train,13,15
444,46,train,14,14
445,46,train,15,13
446,46,train,16,12
447,46,train,17,11
448,46,train,18,10
449,46,train,19,9
450,46,train,20,8
451,46,train,21,7
452,46,train,22,6
453,46,train,23,5
454,46,train,24,4
455,46,train,25,3
456,46,train,26,2
457,46,train,27,1
458,47,test,10,15
459,48,train,2,26
460,48,train,3,25
461,48,train,4,24
462,48,train,5,23
463,48,train,6,22
464,48,train,7,21
465,48,train,8,20
466,48,train,9,19
467,48,train,10,18
468,48,train,11,17
469,48,train,12,16
470,48,train,13,15
471,48,train,14,14
472,48,train,15,13
473,48,train,16,12
474,48,train,17,11
475,48,train,18,10
476,48,train,19,9
477,48,train,20,8
478,48,train,21,7
479,48,train,22,6
480,48,train,23,5
481,48,train,24,4
482,48,train,25,3
483,48,train,26,2
484,48,train,27,1
485,51,train,2,25
486,51,train,3,24
487,51,train,4,23
488,51,train,5,22
489,51,train,6,21
490,51,train,7,20
491,51,train,8,19
492,51,train,9,18
493,51,train,10,17
494,51,train,11,16
495,51,train,12,15
496,51,train,13,14
497,51,train,14,13
498,51,train,15,12
499,51,train,16,11
500,51,train,17,10
501,51,train,18,9
502,51,train,19,8
503,51,train,20,7
504,51,train,21,6
505,51,train,22,5
506,51,train,23,4
507,51,train,24,3
508,51,train,25,2
509,51,train,26,1
510,53,train,2,26
511,53,train,3,25
512,53,train,4,24
513,53,train,5,23
514,53,train,6,22
515,53,train,7,21
516,53,train,8,20
517,53,train,9,19
518,53,train,10,18
519,53,train,11,17
520,53,train,12,16
521,53,train,13,15
522,53,train,14,14
523,53,train,15,13
524,53,train,16,12
525,53,train,17,11
526,53,train,18,10
527,53,train,19,9
528,53,train,20,8
529,53,train,21,7
530,53,train,22,6
531,53,train,23,5
532,53,train,24,4
533,53,train,25,3
534,53,train,26,2
535,53,train,27,1
536,55,train,2,20
537,55,train,3,19
538,55,train,4,18
539,55,train,5,17
540,55,train,6,16
541,55,train,7,15
542,55,train,8,14
543,55,train,9,13
544,55,train,10,12
545,55,train,11,11
546,55,train,12,10
547,55,train,13,9
548,55,train,14,8
549,55,train,15,7
550,55,train,16,6
551,55,train,17,5
552,55,train,18,4
553,55,train,19,3
554,55,train,20,2
555,55,train,21,1
556,56,train,2,26
557,56,train,3,25
558,56,train,4,24
559,56,train,5,23
560,56,train,6,22
561,56,train,7,21
562,56,train,8,20
563,56,train,9,19
564,56,train,10,18
565,56,train,11,17
566,56,train,12,16
567,56,train,13,15
568,56,train,14,14
569,56,train,15,13
570,56,train,16,12
571,56,train,17,11
572,56,train,18,10
573,56,train,19,9
574,56,train,20,8
575,56,train,21,7
576,56,train,22,6
577,56,train,23,5
578,56,train,24,4
579,56,train,25,3
580,56,train,26,2
581,56,train,27,1
582,59,val,11,17
583,61,train,2,26
584,61,train,3,25
585,61,train,4,24
586,61,train,5,23
587,61,train,6,22
588,61,train,7,21
589,61,train,8,20
590,61,train,9,19
591,61,train,10,18
592,61,train,11,17
593,61,train,12,16
594,61,train,13,15
595,61,train,14,14
596,61,train,15,13
597,61,train,16,12
598,61,train,17,11
599,61,train,18,10
600,61,train,19,9
601,61,train,20,8
602,61,train,21,7
603,61,train,22,6
604,61,train,23,5
605,61,train,24,4
606,61,train,25,3
607,61,train,26,2
608,61,train,27,1
609,62,val,11,16
610,63,val,11,17
611,65,train,2,26
612,65,train,3,25
613,65,train,4,24
614,65,train,5,23
615,65,train,6,22
616,65,train,7,21
617,65,train,8,20
618,65,train,9,19
619,65,train,10,18
620,65,train,11,17
621,65,train,12,16
622,65,train,13,15
623,65,train,14,14
624,65,train,15,13
625,65,train,16,12
626,65,train,17,11
627,65,train,18,10
628,65,train,19,9
629,65,train,20,8
630,65,train,21,7
631,65,train,22,6
632,65,train,23,5
633,65,train,24,4
634,65,train,25,3
635,65,train,26,2
636,65,train,27,1
637,66,val,11,17
638,67,val,11,16
639,68,train,2,25
640,68,train,3,24
641,68,train,4,23
642,68,train,5,22
643,68,train,6,21
644,68,train,7,20
645,68,train,8,19
646,68,train,9,18
647,68,train,10,17
648,68,train,11,16
649,68,train,12,15
650,68,train,13,14
651,68,train,14,13
652,68,train,15,12
653,68,train,16,11
654,68,train,17,10
655,68,train,18,9
656,68,train,19,8
657,68,train,20,7
658,68,train,21,6
659,68,train,22,5
660,68,train,23,4
661,68,train,24,3
662,68,train,25,2
663,68,train,26,1
664,69,train,2,26
665,69,train,3,25
666,69,train,4,24
667,69,train,5,23
668,69,train,6,22
669,69,train,7,21
670,69,train,8,20
671,69,train,9,19
672,69,train,10,18
673,69,train,11,17
674,69,train,12,16
675,69,train,13,15
676,69,train,14,14
677,69,train,15,13
678,69,train,16,12
679,69,train,17,11
680,69,train,18,10
681,69,train,19,9
682,69,train,20,8
683,69,train,21,7
684,69,train,22,6
685,69,train,23,5
686,69,train,24,4
687,69,train,25,3
688,69,train,26,2
689,69,train,27,1
690,70,train,2,26
691,70,train,3,25
692,70,train,4,24
693,70,train,5,23
694,70,train,6,22
695,70,train,7,21
696,70,train,8,20
697,70,train,9,19
698,70,train,10,18
699,70,train,11,17
700,70,train,12,16
701,70,train,13,15
702,70,train,14,14
703,70,train,15,13
704,70,train,16,12
705,70,train,17,11
706,70,train,18,10
707,70,train,19,9
708,70,train,20,8
709,70,train,21,7
710,70,train,22,6
711,70,train,23,5
712,70,train,24,4
713,70,train,25,3
714,70,train,26,2
715,70,train,27,1
716,71,val,11,17
717,72,train,2,25
718,72,train,3,24
719,72,train,4,23
720,72,train,5,22
721,72,train,6,21
722,72,train,7,20
723,72,train,8,19
724,72,train,9,18
725,72,train,10,17
726,72,train,11,16
727,72,train,12,15
728,72,train,13,14
729,72,train,14,13
730,72,train,15,12
731,72,train,16,11
732,72,train,17,10
733,72,train,18,9
734,72,train,19,8
735,72,train,20,7
736,72,train,21,6
737,72,train,22,5
738,72,train,23,4
739,72,train,24,3
740,72,train,25,2
741,72,train,26,1
742,73,train,2,25
743,73,train,3,24
744,73,train,4,23
745,73,train,5,22
746,73,train,6,21
747,73,train,7,20
748,73,train,8,19
749,73,train,9,18
750,73,train,10,17
751,73,train,11,16
752,73,train,12,15
753,73,train,13,14
754,73,train,14,13
755,73,train,15,12
756,73,train,16,11
757,73,train,17,10
758,73,train,18,9
759,73,train,19,8
760,73,train,20,7
761,73,train,21,6
762,73,train,22,5
763,73,train,23,4
764,73,train,24,3
765,73,train,25,2
766,73,train,26,1
767,74,train,2,25
768,74,train,3,24
769,74,train,4,23
770,74,train,5,22
771,74,train,6,21
772,74,train,7,20
773,74,train,8,19
774,74,train,9,18
775,74,train,10,17
776,74,train,11,16
777,74,train,12,15
778,74,train,13,14
779,74,train,14,13
780,74,train,15,12
781,74,train,16,11
782,74,train,17,10
783,74,train,18,9
784,74,train,19,8
785,74,train,20,7
786,74,train,21,6
787,74,train,22,5
788,74,train,23,4
789,74,train,24,3
790,74,train,25,2
791,74,train,26,1
792,75,train,2,26
793,75,train,3,25
794,75,train,4,24
795,75,train,5,23
796,75,train,6,22
797,75,train,7,21
798,75,train,8,20
799,75,train,9,19
800,75,train,10,18
801,75,train,11,17
802,75,train,12,16
803,75,train,13,15
804,75,train,14,14
805,75,train,15,13
806,75,train,16,12
807,75,train,17,11
808,75,train,18,10
809,75,train,19,9
810,75,train,20,8
811,75,train,21,7
812,75,train,22,6
813,75,train,23,5
814,75,train,24,4
815,75,train,25,3
816,75,train,26,2
817,75,train,27,1
818,77,train,2,26
819,77,train,3,25
820,77,train,4,24
821,77,train,5,23
822,77,train,6,22
823,77,train,7,21
824,77,train,8,20
825,77,train,9,19
826,77,train,10,18
827,77,train,11,17
828,77,train,12,16
829,77,train,13,15
830,77,train,14,14
831,77,train,15,13
832,77,train,16,12
833,77,train,17,11
834,77,train,18,10
835,77,train,19,9
836,77,train,20,8
837,77,train,21,7
838,77,train,22,6
839,77,train,23,5
840,77,train,24,4
841,77,train,25,3
842,77,train,26,2
843,77,train,27,1
844,78,val,10,14
845,80,val,11,16
846,82,train,2,26
847,82,train,3,25
848,82,train,4,24
849,82,train,5,23
850,82,train,6,22
851,82,train,7,21
852,82,train,8,20
853,82,train,9,19
854,82,train,10,18
855,82,train,11,17
856,82,train,12,16
857,82,train,13,15
858,82,train,14,14
859,82,train,15,13
860,82,train,16,12
861,82,train,17,11
862,82,train,18,10
863,82,train,19,9
864,82,train,20,8
865,82,train,21,7
866,82,train,22,6
867,82,train,23,5
868,82,train,24,4
869,82,train,25,3
870,82,train,26,2
871,82,train,27,1
872,83,train,2,27
873,83,train,3,26
874,83,train,4,25
875,83,train,5,24
876,83,train,6,23
877,83,train,7,22
878,83,train,8,21
879,83,train,9,20
880,83,train,10,19
881,83,train,11,18
882,83,train,12,17
883,83,train,13,16
884,83,train,14,15
885,83,train,15,14
886,83,train,16,13
887,83,train,17,12
888,83,train,18,11
889,83,train,19,10
890,83,train,20,9
891,83,train,21,8
892,83,train,22,7
893,83,train,23,6
894,83,train,24,5
895,83,train,25,4
896,83,train,26,3
897,83,train,27,2
898,83,train,28,1
899,84,val,8,11
900,85,train,2,25
901,85,train,3,24
902,85,train,4,23
903,85,train,5,22
904,85,train,6,21
905,85,train,7,20
906,85,train,8,19
907,85,train,9,18
908,85,train,10,17
909,85,train,11,16
910,85,train,12,15
911,85,train,13,14
912,85,train,14,13
913,85,train,15,12
914,85,train,16,11
915,85,train,17,10
916,85,train,18,9
917,85,train,19,8
918,85,train,20,7
919,85,train,21,6
920,85,train,22,5
921,85,train,23,4
922,85,train,24,3
923,85,train,25,2
924,85,train,26,1
925,86,train,2,25
926,86,train,3,24
927,86,train,4,23
928,86,train,5,22
929,86,train,6,21
930,86,train,7,20
931,86,train,8,19
932,86,train,9,18
933,86,train,10,17
934,86,train,11,16
935,86,train,12,15
936,86,train,13,14
937,86,train,14,13
938,86,train,15,12
939,86,train,16,11
940,86,train,17,10
941,86,train,18,9
942,86,train,19,8
943,86,train,20,7
944,86,train,21,6
945,86,train,22,5
946,86,train,23,4
947,86,train,24,3
948,86,train,25,2
949,86,train,26,1
950,88,train,2,25
951,88,train,3,24
952,88,train,4,23
953,88,train,5,22
954,88,train,6,21
955,88,train,7,20
956,88,train,8,19
957,88,train,9,18
958,88,train,10,17
959,88,train,11,16
960,88,train,12,15
961,88,train,13,14
962,88,train,14,13
963,88,train,15,12
964,88,train,16,11
965,88,train,17,10
966,88,train,18,9
967,88,train,19,8
968,88,train,20,7
969,88,train,21,6
970,88,train,22,5
971,88,train,23,4
972,88,train,24,3
973,88,train,25,2
974,88,train,26,1
975,89,train,2,26
976,89,train,3,25
977,89,train,4,24
978,89,train,5,23
979,89,train,6,22
980,89,train,7,21
981,89,train,8,20
982,89,train,9,19
983,89,train,10,18
984,89,train,11,17
985,89,train,12,16
986,89,train,13,15
987,89,train,14,14
988,89,train,15,13
989,89,train,16,12
990,89,train,17,11
991,89,train,18,10
992,89,train,19,9
993,89,train,20,8
994,89,train,21,7
995,89,train,22,6
996,89,train,23,5
997,89,train,24,4
998,89,train,25,3
999,89,train,26,2
1000,89,train,27,1
1001,90,test,11,16
1002,91,train,2,25
1003,91,train,3,24
1004,91,train,4,23
1005,91,train,5,22
1006,91,train,6,21
1007,91,train,7,20
1008,91,train,8,19
1009,91,train,9,18
1010,91,train,10,17
1011,91,train,11,16
1012,91,train,12,15
1013,91,train,13,14
1014,91,train,14,13
1015,91,train,15,12
1016,91,train,16,11
1017,91,train,17,10
1018,91,train,18,9
1019,91,train,19,8
1020,91,train,20,7
1021,91,train,21,6
1022,91,train,22,5
1023,91,train,23,4
1024,91,train,24,3
1025,91,train,25,2
1026,91,train,26,1
1027,92,train,2,25
1028,92,train,3,24
1029,92,train,4,23
1030,92,train,5,22
1031,92,train,6,21
1032,92,train,7,20
1033,92,train,8,19
1034,92,train,9,18
1035,92,train,10,17
1036,92,train,11,16
1037,92,train,12,15
1038,92,train,13,14
1039,92,train,14,13
1040,92,train,15,12
1041,92,train,16,11
1042,92,train,17,10
1043,92,train,18,9
1044,92,train,19,8
1045,92,train,20,7
1046,92,train,21,6
1047,92,train,22,5
1048,92,train,23,4
1049,92,train,24,3
1050,92,train,25,2
1051,92,train,26,1
1052,93,train,2,25
1053,93,train,3,24
1054,93,train,4,23
1055,93,train,5,22
1056,93,train,6,21
1057,93,train,7,20
1058,93,train,8,19
1059,93,train,9,18
1060,93,train,10,17
1061,93,train,11,16
1062,93,train,12,15
1063,93,train,13,14
1064,93,train,14,13
1065,93,train,15,12
1066,93,train,16,11
1067,93,train,17,10
1068,93,train,18,9
1069,93,train,19,8
1070,93,train,20,7
1071,93,train,21,6
1072,93,train,22,5
1073,93,train,23,4
1074,93,train,24,3
1075,93,train,25,2
1076,93,train,26,1
1077,94,train,2,25
1078,94,train,3,24
1079,94,train,4,23
1080,94,train,5,22
1081,94,train,6,21
1082,94,train,7,20
1083,94,train,8,19
1084,94,train,9,18
1085,94,train,10,17
1086,94,train,11,16
1087,94,train,12,15
1088,94,train,13,14
1089,94,train,14,13
1090,94,train,15,12
1091,94,train,16,11
1092,94,train,17,10
1093,94,train,18,9
1094,94,train,19,8
1095,94,train,20,7
1096,94,train,21,6
1097,94,train,22,5
1098,94,train,23,4
1099,94,train,24,3
1100,94,train,25,2
1101,94,train,26,1
1102,95,test,11,16
1103,96,val,11,16
1104,97,train,2,25
1105,97,train,3,24
1106,97,train,4,23
1107,97,train,5,22
1108,97,train,6,21
1109,97,train,7,20
1110,97,train,8,19
1111,97,train,9,18
1112,97,train,10,17
1113,97,train,11,16
1114,97,train,12,15
1115,97,train,13,14
1116,97,train,14,13
1117,97,train,15,12
1118,97,train,16,11
1119,97,train,17,10
1120,97,train,18,9
1121,97,train,19,8
1122,97,train,20,7
1123,97,train,21,6
1124,97,train,22,5
1125,97,train,23,4
1126,97,train,24,3
1127,97,train,25,2
1128,97,train,26,1
1129,99,train,2,22
1130,99,train,3,21
1131,99,train,4,20
1132,99,train,5,19
1133,99,train,6,18
1134,99,train,7,17
1135,99,train,8,16
1136,99,train,9,15
1137,99,train,10,14
1138,99,train,11,13
1139,99,train,12,12
1140,99,train,13,11
1141,99,train,14,10
1142,99,train,15,9
1143,99,train,16,8
1144,99,train,17,7
1145,99,train,18,6
1146,99,train,19,5
1147,99,train,20,4
1148,99,train,21,3
1149,99,train,22,2
1150,99,train,23,1
1151,100,train,2,25
1152,100,train,3,24
1153,100,train,4,23
1154,100,train,5,22
1155,100,train,6,21
1156,100,train,7,20
1157,100,train,8,19
1158,100,train,9,18
1159,100,train,10,17
1160,100,train,11,16
1161,100,train,12,15
1162,100,train,13,14
1163,100,train,14,13
1164,100,train,15,12
1165,100,train,16,11
1166,100,train,17,10
1167,100,train,18,9
1168,100,train,19,8
1169,100,train,20,7
1170,100,train,21,6
1171,100,train,22,5
1172,100,train,23,4
1173,100,train,24,3
1174,100,train,25,2
1175,100,train,26,1
1176,101,val,12,17
1177,102,train,2,25
1178,102,train,3,24
1179,102,train,4,23
1180,102,train,5,22
1181,102,train,6,21
1182,102,train,7,20
1183,102,train,8,19
1184,102,train,9,18
1185,102,train,10,17
1186,102,train,11,16
1187,102,train,12,15
1188,102,train,13,14
1189,102,train,14,13
1190,102,train,15,12
1191,102,train,16,11
1192,102,train,17,10
1193,102,train,18,9
1194,102,train,19,8
1195,102,train,20,7
1196,102,train,21,6
1197,102,train,22,5
1198,102,train,23,4
1199,102,train,24,3
1200,102,train,25,2
1201,102,train,26,1
1202,105,train,2,20
1203,105,train,3,19
1204,105,train,4,18
1205,105,train,5,17
1206,105,train,6,16
1207,105,train,7,15
1208,105,train,8,14
1209,105,train,9,13
1210,105,train,10,12
1211,105,train,11,11
1212,105,train,12,10
1213,105,train,13,9
1214,105,train,14,8
1215,105,train,15,7
1216,105,train,16,6
1217,105,train,17,5
1218,105,train,18,4
1219,105,train,19,3
1220,105,train,20,2
1221,105,train,21,1
1222,106,train,2,3
1223,106,train,3,2
1224,106,train,4,1
1225,107,val,11,17
1226,108,train,2,26
1227,108,train,3,25
1228,108,train,4,24
1229,108,train,5,23
1230,108,train,6,22
1231,108,train,7,21
1232,108,train,8,20
1233,108,train,9,19
1234,108,train,10,18
1235,108,train,11,17
1236,108,train,12,16
1237,108,train,13,15
1238,108,train,14,14
1239,108,train,15,13
1240,108,train,16,12
1241,108,train,17,11
1242,108,train,18,10
1243,108,train,19,9
1244,108,train,20,8
1245,108,train,21,7
1246,108,train,22,6
1247,108,train,23,5
1248,108,train,24,4
1249,108,train,25,3
1250,108,train,26,2
1251,108,train,27,1
1252,109,val,11,17
1253,110,val,12,18
1254,111,train,2,24
1255,111,train,3,23
1256,111,train,4,22
1257,111,train,5,21
1258,111,train,6,20
1259,111,train,7,19
1260,111,train,8,18
1261,111,train,9,17
1262,111,train,10,16
1263,111,train,11,15
1264,111,train,12,14
1265,111,train,13,13
1266,111,train,14,12
1267,111,train,15,11
1268,111,train,16,10
1269,111,train,17,9
1270,111,train,18,8
1271,111,train,19,7
1272,111,train,20,6
1273,111,train,21,5
1274,111,train,22,4
1275,111,train,23,3
1276,111,train,24,2
1277,111,train,25,1
1278,112,train,2,28
1279,112,train,3,27
1280,112,train,4,26
1281,112,train,5,25
1282,112,train,6,24
1283,112,train,7,23
1284,112,train,8,22
1285,112,train,9,21
1286,112,train,10,20
1287,112,train,11,19
1288,112,train,12,18
1289,112,train,13,17
1290,112,train,14,16
1291,112,train,15,15
1292,112,train,16,14
1293,112,train,17,13
1294,112,train,18,12
1295,112,train,19,11
1296,112,train,20,10
1297,112,train,21,9
1298,112,train,22,8
1299,112,train,23,7
1300,112,train,24,6
1301,112,train,25,5
1302,112,train,26,4
1303,112,train,27,3
1304,112,train,28,2
1305,112,train,29,1
1306,115,train,2,26
1307,115,train,3,25
1308,115,train,4,24
1309,115,train,5,23
1310,115,train,6,22
1311,115,train,7,21
1312,115,train,8,20
1313,115,train,9,19
1314,115,train,10,18
1315,115,train,11,17
1316,115,train,12,16
1317,115,train,13,15
1318,115,train,14,14
1319,115,train,15,13
1320,115,train,16,12
1321,115,train,17,11
1322,115,train,18,10
1323,115,train,19,9
1324,115,train,20,8
1325,115,train,21,7
1326,115,train,22,6
1327,115,train,23,5
1328,115,train,24,4
1329,115,train,25,3
1330,115,train,26,2
1331,115,train,27,1
1332,116,train,2,20
1333,116,train,3,19
1334,116,train,4,18
1335,116,train,5,17
1336,116,train,6,16
1337,116,train,7,15
1338,116,train,8,14
1339,116,train,9,13
1340,116,train,10,12
1341,116,train,11,11
1342,116,train,12,10
1343,116,train,13,9
1344,116,train,14,8
1345,116,train,15,7
1346,116,train,16,6
1347,116,train,17,5
1348,116,train,18,4
1349,116,train,19,3
1350,116,train,20,2
1351,116,train,21,1
1352,117,train,2,23
1353,117,train,3,22
1354,117,train,4,21
1355,117,train,5,20
1356,117,train,6,19
1357,117,train,7,18
1358,117,train,8,17
1359,117,train,9,16
1360,117,train,10,15
1361,117,train,11,14
1362,117,train,12,13
1363,117,train,13,12
1364,117,train,14,11
1365,117,train,15,10
1366,117,train,16,9
1367,117,train,17,8
1368,117,train,18,7
1369,117,train,19,6
1370,117,train,20,5
1371,117,train,21,4
1372,117,train,22,3
1373,117,train,23,2
1374,117,train,24,1
1375,118,train,2,28
1376,118,train,3,27
1377,118,train,4,26
1378,118,train,5,25
1379,118,train,6,24
1380,118,train,7,23
1381,118,train,8,22
1382,118,train,9,21
1383,118,train,10,20
1384,118,train,11,19
1385,118,train,12,18
1386,118,train,13,17
1387,118,train,14,16
1388,118,train,15,15
1389,118,train,16,14
1390,118,train,17,13
1391,118,train,18,12
1392,118,train,19,11
1393,118,train,20,10
1394,118,train,21,9
1395,118,train,22,8
1396,118,train,23,7
1397,118,train,24,6
1398,118,train,25,5
1399,118,train,26,4
1400,118,train,27,3
1401,118,train,28,2
1402,118,train,29,1
1403,119,train,2,20
1404,119,train,3,19
1405,119,train,4,18
1406,119,train,5,17
1407,119,train,6,16
1408,119,train,7,15
1409,119,train,8,14
1410,119,train,9,13
1411,119,train,10,12
1412,119,train,11,11
1413,119,train,12,10
1414,119,train,13,9
1415,119,train,14,8
1416,119,train,15,7
1417,119,train,16,6
1418,119,train,17,5
1419,119,train,18,4
1420,119,train,19,3
1421,119,train,20,2
1422,119,train,21,1
1423,121,train,2,3
1424,121,train,3,2
1425,121,train,4,1
1426,122,train,2,20
1427,122,train,3,19
1428,122,train,4,18
1429,122,train,5,17
1430,122,train,6,16
1431,122,train,7,15
1432,122,train,8,14
1433,122,train,9,13
1434,122,train,10,12
1435,122,train,11,11
1436,122,train,12,10
1437,122,train,13,9
1438,122,train,14,8
1439,122,train,15,7
1440,122,train,16,6
1441,122,train,17,5
1442,122,train,18,4
1443,122,train,19,3
1444,122,train,20,2
1445,122,train,21,1
1446,123,test,2,3
1447,124,val,10,16
1448,125,train,2,3
1449,125,train,3,2
1450,125,train,4,1
1451,126,train,2,3
1452,126,train,3,2
1453,126,train,4,1
1454,127,train,2,27
1455,127,train,3,26
1456,127,train,4,25
1457,127,train,5,24
1458,127,train,6,23
1459,127,train,7,22
1460,127,train,8,21
1461,127,train,9,20
1462,127,train,10,19
1463,127,train,11,18
1464,127,train,12,17
1465,127,train,13,16
1466,127,train,14,15
1467,127,train,15,14
1468,127,train,16,13
1469,127,train,17,12
1470,127,train,18,11
1471,127,train,19,10
1472,127,train,20,9
1473,127,train,21,8
1474,127,train,22,7
1475,127,train,23,6
1476,127,train,24,5
1477,127,train,25,4
1478,127,train,26,3
1479,127,train,27,2
1480,127,train,28,1
1481,128,train,2,20
1482,128,train,3,19
1483,128,train,4,18
1484,128,train,5,17
1485,128,train,6,16
1486,128,train,7,15
1487,128,train,8,14
1488,128,train,9,13
1489,128,train,10,12
1490,128,train,11,11
1491,128,train,12,10
1492,128,train,13,9
1493,128,train,14,8
1494,128,train,15,7
1495,128,train,16,6
1496,128,train,17,5
1497,128,train,18,4
1498,128,train,19,3
1499,128,train,20,2
1500,128,train,21,1
1501,129,train,2,24
1502,129,train,3,23
1503,129,train,4,22
1504,129,train,5,21
1505,129,train,6,20
1506,129,train,7,19
1507,129,train,8,18
1508,129,train,9,17
1509,129,train,10,16
1510,129,train,11,15
1511,129,train,12,14
1512,129,train,13,13
1513,129,train,14,12
1514,129,train,15,11
1515,129,train,16,10
1516,129,train,17,9
1517,129,train,18,8
1518,129,train,19,7
1519,129,train,20,6
1520,129,train,21,5
1521,129,train,22,4
1522,129,train,23,3
1523,129,train,24,2
1524,129,train,25,1
1525,130,train,2,20
1526,130,train,3,19
1527,130,train,4,18
1528,130,train,5,17
1529,130,train,6,16
1530,130,train,7,15
1531,130,train,8,14
1532,130,train,9,13
1533,130,train,10,12
1534,130,train,11,11
1535,130,train,12,10
1536,130,train,13,9
1537,130,train,14,8
1538,130,train,15,7
1539,130,train,16,6
1540,130,train,17,5
1541,130,train,18,4
1542,130,train,19,3
1543,130,train,20,2
1544,130,train,21,1
1545,131,train,2,4
1546,131,train,3,3
1547,131,train,4,2
1548,131,train,5,1
1549,132,train,2,28
1550,132,train,3,27
1551,132,train,4,26
1552,132,train,5,25
1553,132,train,6,24
1554,132,train,7,23
1555,132,train,8,22
1556,132,train,9,21
1557,132,train,10,20
1558,132,train,11,19
1559,132,train,12,18
1560,132,train,13,17
1561,132,train,14,16
1562,132,train,15,15
1563,132,train,16,14
1564,132,train,17,13
1565,132,train,18,12
1566,132,train,19,11
1567,132,train,20,10
1568,132,train,21,9
1569,132,train,22,8
1570,132,train,23,7
1571,132,train,24,6
1572,132,train,25,5
1573,132,train,26,4
1574,132,train,27,3
1575,132,train,28,2
1576,132,train,29,1
1577,133,val,9,13
1578,134,val,12,17
1579,135,val,2,4
1580,136,train,2,3
1581,136,train,3,2
1582,136,train,4,1
1583,137,test,11,17
1584,139,test,10,14
1585,140,train,2,3
1586,140,train,3,2
1587,140,train,4,1
1588,142,train,2,28
1589,142,train,3,27
1590,142,train,4,26
1591,142,train,5,25
1592,142,train,6,24
1593,142,train,7,23
1594,142,train,8,22
1595,142,train,9,21
1596,142,train,10,20
1597,142,train,11,19
1598,142,train,12,18
1599,142,train,13,17
1600,142,train,14,16
1601,142,train,15,15
1602,142,train,16,14
1603,142,train,17,13
1604,142,train,18,12
1605,142,train,19,11
1606,142,train,20,10
1607,142,train,21,9
1608,142,train,22,8
1609,142,train,23,7
1610,142,train,24,6
1611,142,train,25,5
1612,142,train,26,4
1613,142,train,27,3
1614,142,train,28,2
1615,142,train,29,1
1616,146,train,2,20
1617,146,train,3,19
1618,146,train,4,18
1619,146,train,5,17
1620,146,train,6,16
1621,146,train,7,15
1622,146,train,8,14
1623,146,train,9,13
1624,146,train,10,12
1625,146,train,11,11
1626,146,train,12,10
1627,146,train,13,9
1628,146,train,14,8
1629,146,train,15,7
1630,146,train,16,6
1631,146,train,17,5
1632,146,train,18,4
1633,146,train,19,3
1634,146,train,20,2
1635,146,train,21,1
1636,149,val,9,13
1637,151,train,2,25
1638,151,train,3,24
1639,151,train,4,23
1640,151,train,5,22
1641,151,train,6,21
1642,151,train,7,20
1643,151,train,8,19
1644,151,train,9,18
1645,151,train,10,17
1646,151,train,11,16
1647,151,train,12,15
1648,151,train,13,14
1649,151,train,14,13
1650,151,train,15,12
1651,151,train,16,11
1652,151,train,17,10
1653,151,train,18,9
1654,151,train,19,8
1655,151,train,20,7
1656,151,train,21,6
1657,151,train,22,5
1658,151,train,23,4
1659,151,train,24,3
1660,151,train,25,2
1661,151,train,26,1
1662,152,val,11,16
1663,153,train,2,2
1664,153,train,3,1
1665,154,train,2,25
1666,154,train,3,24
1667,154,train,4,23
1668,154,train,5,22
1669,154,train,6,21
1670,154,train,7,20
1671,154,train,8,19
1672,154,train,9,18
1673,154,train,10,17
1674,154,train,11,16
1675,154,train,12,15
1676,154,train,13,14
1677,154,train,14,13
1678,154,train,15,12
1679,154,train,16,11
1680,154,train,17,10
1681,154,train,18,9
1682,154,train,19,8
1683,154,train,20,7
1684,154,train,21,6
1685,154,train,22,5
1686,154,train,23,4
1687,154,train,24,3
1688,154,train,25,2
1689,154,train,26,1
1690,155,val,2,3
1691,157,train,2,17
1692,157,train,3,16
1693,157,train,4,15
1694,157,train,5,14
1695,157,train,6,13
1696,157,train,7,12
1697,157,train,8,11
1698,157,train,9,10
1699,157,train,10,9
1700,157,train,11,8
1701,157,train,12,7
1702,157,train,13,6
1703,157,train,14,5
1704,157,train,15,4
1705,157,train,16,3
1706,157,train,17,2
1707,157,train,18,1
1708,158,train,2,25
1709,158,train,3,24
1710,158,train,4,23
1711,158,train,5,22
1712,158,train,6,21
1713,158,train,7,20
1714,158,train,8,19
1715,158,train,9,18
1716,158,train,10,17
1717,158,train,11,16
1718,158,train,12,15
1719,158,train,13,14
1720,158,train,14,13
1721,158,train,15,12
1722,158,train,16,11
1723,158,train,17,10
1724,158,train,18,9
1725,158,train,19,8
1726,158,train,20,7
1727,158,train,21,6
1728,158,train,22,5
1729,158,train,23,4
1730,158,train,24,3
1731,158,train,25,2
1732,158,train,26,1
1733,159,train,2,25
1734,159,train,3,24
1735,159,train,4,23
1736,159,train,5,22
1737,159,train,6,21
1738,159,train,7,20
1739,159,train,8,19
1740,159,train,9,18
1741,159,train,10,17
1742,159,train,11,16
1743,159,train,12,15
1744,159,train,13,14
1745,159,train,14,13
1746,159,train,15,12
1747,159,train,16,11
1748,159,train,17,10
1749,159,train,18,9
1750,159,train,19,8
1751,159,train,20,7
1752,159,train,21,6
1753,159,train,22,5
1754,159,train,23,4
1755,159,train,24,3
1756,159,train,25,2
1757,159,train,26,1
1758,160,train,2,25
1759,160,train,3,24
1760,160,train,4,23
1761,160,train,5,22
1762,160,train,6,21
1763,160,train,7,20
1764,160,train,8,19
1765,160,train,9,18
1766,160,train,10,17
1767,160,train,11,16
1768,160,train,12,15
1769,160,train,13,14
1770,160,train,14,13
1771,160,train,15,12
1772,160,train,16,11
1773,160,train,17,10
1774,160,train,18,9
1775,160,train,19,8
1776,160,train,20,7
1777,160,train,21,6
1778,160,train,22,5
1779,160,train,23,4
1780,160,train,24,3
1781,160,train,25,2
1782,160,train,26,1
1783,161,train,2,24
1784,161,train,3,23
1785,161,train,4,22
1786,161,train,5,21
1787,161,train,6,20
1788,161,train,7,19
1789,161,train,8,18
1790,161,train,9,17
1791,161,train,10,16
1792,161,train,11,15
1793,161,train,12,14
1794,161,train,13,13
1795,161,train,14,12
1796,161,train,15,11
1797,161,train,16,10
1798,161,train,17,9
1799,161,train,18,8
1800,161,train,19,7
1801,161,train,20,6
1802,161,train,21,5
1803,161,train,22,4
1804,161,train,23,3
1805,161,train,24,2
1806,161,train,25,1
1807,162,train,2,25
1808,162,train,3,24
1809,162,train,4,23
1810,162,train,5,22
1811,162,train,6,21
1812,162,train,7,20
1813,162,train,8,19
1814,162,train,9,18
1815,162,train,10,17
1816,162,train,11,16
1817,162,train,12,15
1818,162,train,13,14
1819,162,train,14,13
1820,162,train,15,12
1821,162,train,16,11
1822,162,train,17,10
1823,162,train,18,9
1824,162,train,19,8
1825,162,train,20,7
1826,162,train,21,6
1827,162,train,22,5
1828,162,train,23,4
1829,162,train,24,3
1830,162,train,25,2
1831,162,train,26,1
1832,163,train,2,25
1833,163,train,3,24
1834,163,train,4,23
1835,163,train,5,22
1836,163,train,6,21
1837,163,train,7,20
1838,163,train,8,19
1839,163,train,9,18
1840,163,train,10,17
1841,163,train,11,16
1842,163,train,12,15
1843,163,train,13,14
1844,163,train,14,13
1845,163,train,15,12
1846,163,train,16,11
1847,163,train,17,10
1848,163,train,18,9
1849,163,train,19,8
1850,163,train,20,7
1851,163,train,21,6
1852,163,train,22,5
1853,163,train,23,4
1854,163,train,24,3
1855,163,train,25,2
1856,163,train,26,1
1857,164,train,2,25
1858,164,train,3,24
1859,164,train,4,23
1860,164,train,5,22
1861,164,train,6,21
1862,164,train,7,20
1863,164,train,8,19
1864,164,train,9,18
1865,164,train,10,17
1866,164,train,11,16
1867,164,train,12,15
1868,164,train,13,14
1869,164,train,14,13
1870,164,train,15,12
1871,164,train,16,11
1872,164,train,17,10
1873,164,train,18,9
1874,164,train,19,8
1875,164,train,20,7
1876,164,train,21,6
1877,164,train,22,5
1878,164,train,23,4
1879,164,train,24,3
1880,164,train,25,2
1881,164,train,26,1
1882,165,train,2,25
1883,165,train,3,24
1884,165,train,4,23
1885,165,train,5,22
1886,165,train,6,21
1887,165,train,7,20
1888,165,train,8,19
1889,165,train,9,18
1890,165,train,10,17
1891,165,train,11,16
1892,165,train,12,15
1893,165,train,13,14
1894,165,train,14,13
1895,165,train,15,12
1896,165,train,16,11
1897,165,train,17,10
1898,165,train,18,9
1899,165,train,19,8
1900,165,train,20,7
1901,165,train,21,6
1902,165,train,22,5
1903,165,train,23,4
1904,165,train,24,3
1905,165,train,25,2
1906,165,train,26,1
1907,166,train,2,25
1908,166,train,3,24
1909,166,train,4,23
1910,166,train,5,22
1911,166,train,6,21
1912,166,train,7,20
1913,166,train,8,19
1914,166,train,9,18
1915,166,train,10,17
1916,166,train,11,16
1917,166,train,12,15
1918,166,train,13,14
1919,166,train,14,13
1920,166,train,15,12
1921,166,train,16,11
1922,166,train,17,10
1923,166,train,18,9
1924,166,train,19,8
1925,166,train,20,7
1926,166,train,21,6
1927,166,train,22,5
1928,166,train,23,4
1929,166,train,24,3
1930,166,train,25,2
1931,166,train,26,1
1932,167,train,2,25
1933,167,train,3,24
1934,167,train,4,23
1935,167,train,5,22
1936,167,train,6,21
1937,167,train,7,20
1938,167,train,8,19
1939,167,train,9,18
1940,167,train,10,17
1941,167,train,11,16
1942,167,train,12,15
1943,167,train,13,14
1944,167,train,14,13
1945,167,train,15,12
1946,167,train,16,11
1947,167,train,17,10
1948,167,train,18,9
1949,167,train,19,8
1950,167,train,20,7
1951,167,train,21,6
1952,167,train,22,5
1953,167,train,23,4
1954,167,train,24,3
1955,167,train,25,2
1956,167,train,26,1
1957,168,train,2,28
1958,168,train,3,27
1959,168,train,4,26
1960,168,train,5,25
1961,168,train,6,24
1962,168,train,7,23
1963,168,train,8,22
1964,168,train,9,21
1965,168,train,10,20
1966,168,train,11,19
1967,168,train,12,18
1968,168,train,13,17
1969,168,train,14,16
1970,168,train,15,15
1971,168,train,16,14
1972,168,train,17,13
1973,168,train,18,12
1974,168,train,19,11
1975,168,train,20,10
1976,168,train,21,9
1977,168,train,22,8
1978,168,train,23,7
1979,168,train,24,6
1980,168,train,25,5
1981,168,train,26,4
1982,168,train,27,3
1983,168,train,28,2
1984,168,train,29,1
1985,169,test,11,16
1986,170,test,11,16
1987,173,train,2,24
1988,173,train,3,23
1989,173,train,4,22
1990,173,train,5,21
1991,173,train,6,20
1992,173,train,7,19
1993,173,train,8,18
1994,173,train,9,17
1995,173,train,10,16
1996,173,train,11,15
1997,173,train,12,14
1998,173,train,13,13
1999,173,train,14,12
2000,173,train,15,11
2001,173,train,16,10
2002,173,train,17,9
2003,173,train,18,8
2004,173,train,19,7
2005,173,train,20,6
2006,173,train,21,5
2007,173,train,22,4
2008,173,train,23,3
2009,173,train,24,2
2010,173,train,25,1
2011,174,test,11,16
2012,175,train,2,25
2013,175,train,3,24
2014,175,train,4,23
2015,175,train,5,22
2016,175,train,6,21
2017,175,train,7,20
2018,175,train,8,19
2019,175,train,9,18
2020,175,train,10,17
2021,175,train,11,16
2022,175,train,12,15
2023,175,train,13,14
2024,175,train,14,13
2025,175,train,15,12
2026,175,train,16,11
2027,175,train,17,10
2028,175,train,18,9
2029,175,train,19,8
2030,175,train,20,7
2031,175,train,21,6
2032,175,train,22,5
2033,175,train,23,4
2034,175,train,24,3
2035,175,train,25,2
2036,175,train,26,1
2037,176,train,2,24
2038,176,train,3,23
2039,176,train,4,22
2040,176,train,5,21
2041,176,train,6,20
2042,176,train,7,19
2043,176,train,8,18
2044,176,train,9,17
2045,176,train,10,16
2046,176,train,11,15
2047,176,train,12,14
2048,176,train,13,13
2049,176,train,14,12
2050,176,train,15,11
2051,176,train,16,10
2052,176,train,17,9
2053,176,train,18,8
2054,176,train,19,7
2055,176,train,20,6
2056,176,train,21,5
2057,176,train,22,4
2058,176,train,23,3
2059,176,train,24,2
2060,176,train,25,1
2061,177,train,2,2
2062,177,train,3,1
2063,178,train,2,25
2064,178,train,3,24
2065,178,train,4,23
2066,178,train,5,22
2067,178,train,6,21
2068,178,train,7,20
2069,178,train,8,19
2070,178,train,9,18
2071,178,train,10,17
2072,178,train,11,16
2073,178,train,12,15
2074,178,train,13,14
2075,178,train,14,13
2076,178,train,15,12
2077,178,train,16,11
2078,178,train,17,10
2079,178,train,18,9
2080,178,train,19,8
2081,178,train,20,7
2082,178,train,21,6
2083,178,train,22,5
2084,178,train,23,4
2085,178,train,24,3
2086,178,train,25,2
2087,178,train,26,1
2088,179,train,2,25
2089,179,train,3,24
2090,179,train,4,23
2091,179,train,5,22
2092,179,train,6,21
2093,179,train,7,20
2094,179,train,8,19
2095,179,train,9,18
2096,179,train,10,17
2097,179,train,11,16
2098,179,train,12,15
2099,179,train,13,14
2100,179,train,14,13
2101,179,train,15,12
2102,179,train,16,11
2103,179,train,17,10
2104,179,train,18,9
2105,179,train,19,8
2106,179,train,20,7
2107,179,train,21,6
2108,179,train,22,5
2109,179,train,23,4
2110,179,train,24,3
2111,179,train,25,2
2112,179,train,26,1
2113,180,train,2,17
2114,180,train,3,16
2115,180,train,4,15
2116,180,train,5,14
2117,180,train,6,13
2118,180,train,7,12
2119,180,train,8,11
2120,180,train,9,10
2121,180,train,10,9
2122,180,train,11,8
2123,180,train,12,7
2124,180,train,13,6
2125,180,train,14,5
2126,180,train,15,4
2127,180,train,16,3
2128,180,train,17,2
2129,180,train,18,1
2130,181,val,9,13
2131,182,train,2,21
2132,182,train,3,20
2133,182,train,4,19
2134,182,train,5,18
2135,182,train,6,17
2136,182,train,7,16
2137,182,train,8,15
2138,182,train,9,14
2139,182,train,10,13
2140,182,train,11,12
2141,182,train,12,11
2142,182,train,13,10
2143,182,train,14,9
2144,182,train,15,8
2145,182,train,16,7
2146,182,train,17,6
2147,182,train,18,5
2148,182,train,19,4
2149,182,train,20,3
2150,182,train,21,2
2151,182,train,22,1
2152,184,train,2,25
2153,184,train,3,24
2154,184,train,4,23
2155,184,train,5,22
2156,184,train,6,21
2157,184,train,7,20
2158,184,train,8,19
2159,184,train,9,18
2160,184,train,10,17
2161,184,train,11,16
2162,184,train,12,15
2163,184,train,13,14
2164,184,train,14,13
2165,184,train,15,12
2166,184,train,16,11
2167,184,train,17,10
2168,184,train,18,9
2169,184,train,19,8
2170,184,train,20,7
2171,184,train,21,6
2172,184,train,22,5
2173,184,train,23,4
2174,184,train,24,3
2175,184,train,25,2
2176,184,train,26,1
2177,188,val,11,16
2178,189,train,2,17
2179,189,train,3,16
2180,189,train,4,15
2181,189,train,5,14
2182,189,train,6,13
2183,189,train,7,12
2184,189,train,8,11
2185,189,train,9,10
2186,189,train,10,9
2187,189,train,11,8
2188,189,train,12,7
2189,189,train,13,6
2190,189,train,14,5
2191,189,train,15,4
2192,189,train,16,3
2193,189,train,17,2
2194,189,train,18,1
2195,190,train,2,10
2196,190,train,3,9
2197,190,train,4,8
2198,190,train,5,7
2199,190,train,6,6
2200,190,train,7,5
2201,190,train,8,4
2202,190,train,9,3
2203,190,train,10,2
2204,190,train,11,1
2205,191,val,12,17
2206,192,train,2,24
2207,192,train,3,23
2208,192,train,4,22
2209,192,train,5,21
2210,192,train,6,20
2211,192,train,7,19
2212,192,train,8,18
2213,192,train,9,17
2214,192,train,10,16
2215,192,train,11,15
2216,192,train,12,14
2217,192,train,13,13
2218,192,train,14,12
2219,192,train,15,11
2220,192,train,16,10
2221,192,train,17,9
2222,192,train,18,8
2223,192,train,19,7
2224,192,train,20,6
2225,192,train,21,5
2226,192,train,22,4
2227,192,train,23,3
2228,192,train,24,2
2229,192,train,25,1
2230,193,train,2,3
2231,193,train,3,2
2232,193,train,4,1
2233,195,train,2,20
2234,195,train,3,19
2235,195,train,4,18
2236,195,train,5,17
2237,195,train,6,16
2238,195,train,7,15
2239,195,train,8,14
2240,195,train,9,13
2241,195,train,10,12
2242,195,train,11,11
2243,195,train,12,10
2244,195,train,13,9
2245,195,train,14,8
2246,195,train,15,7
2247,195,train,16,6
2248,195,train,17,5
2249,195,train,18,4
2250,195,train,19,3
2251,195,train,20,2
2252,195,train,21,1
2253,196,test,9,14
2254,201,val,12,17
2255,202,train,2,27
2256,202,train,3,26
2257,202,train,4,25
2258,202,train,5,24
2259,202,train,6,23
2260,202,train,7,22
2261,202,train,8,21
2262,202,train,9,20
2263,202,train,10,19
2264,202,train,11,18
2265,202,train,12,17
2266,202,train,13,16
2267,202,train,14,15
2268,202,train,15,14
2269,202,train,16,13
2270,202,train,17,12
2271,202,train,18,11
2272,202,train,19,10
2273,202,train,20,9
2274,202,train,21,8
2275,202,train,22,7
2276,202,train,23,6
2277,202,train,24,5
2278,202,train,25,4
2279,202,train,26,3
2280,202,train,27,2
2281,202,train,28,1
2282,203,test,12,18
2283,204,train,2,28
2284,204,train,3,27
2285,204,train,4,26
2286,204,train,5,25
2287,204,train,6,24
2288,204,train,7,23
2289,204,train,8,22
2290,204,train,9,21
2291,204,train,10,20
2292,204,train,11,19
2293,204,train,12,18
2294,204,train,13,17
2295,204,train,14,16
2296,204,train,15,15
2297,204,train,16,14
2298,204,train,17,13
2299,204,train,18,12
2300,204,train,19,11
2301,204,train,20,10
2302,204,train,21,9
2303,204,train,22,8
2304,204,train,23,7
2305,204,train,24,6
2306,204,train,25,5
2307,204,train,26,4
2308,204,train,27,3
2309,204,train,28,2
2310,204,train,29,1
2311,205,val,12,17
2312,206,val,11,16
2313,207,train,2,27
2314,207,train,3,26
2315,207,train,4,25
2316,207,train,5,24
2317,207,train,6,23
2318,207,train,7,22
2319,207,train,8,21
2320,207,train,9,20
2321,207,train,10,19
2322,207,train,11,18
2323,207,train,12,17
2324,207,train,13,16
2325,207,train,14,15
2326,207,train,15,14
2327,207,train,16,13
2328,207,train,17,12
2329,207,train,18,11
2330,207,train,19,10
2331,207,train,20,9
2332,207,train,21,8
2333,207,train,22,7
2334,207,train,23,6
2335,207,train,24,5
2336,207,train,25,4
2337,207,train,26,3
2338,207,train,27,2
2339,207,train,28,1
2340,209,val,12,18
2341,210,test,12,18
2342,211,train,2,27
2343,211,train,3,26
2344,211,train,4,25
2345,211,train,5,24
2346,211,train,6,23
2347,211,train,7,22
2348,211,train,8,21
2349,211,train,9,20
2350,211,train,10,19
2351,211,train,11,18
2352,211,train,12,17
2353,211,train,13,16
2354,211,train,14,15
2355,211,train,15,14
2356,211,train,16,13
2357,211,train,17,12
2358,211,train,18,11
2359,211,train,19,10
2360,211,train,20,9
2361,211,train,21,8
2362,211,train,22,7
2363,211,train,23,6
2364,211,train,24,5
2365,211,train,25,4
2366,211,train,26,3
2367,211,train,27,2
2368,211,train,28,1
2369,212,train,2,20
2370,212,train,3,19
2371,212,train,4,18
2372,212,train,5,17
2373,212,train,6,16
2374,212,train,7,15
2375,212,train,8,14
2376,212,train,9,13
2377,212,train,10,12
2378,212,train,11,11
2379,212,train,12,10
2380,212,train,13,9
2381,212,train,14,8
2382,212,train,15,7
2383,212,train,16,6
2384,212,train,17,5
2385,212,train,18,4
2386,212,train,19,3
2387,212,train,20,2
2388,212,train,21,1
2389,213,val,11,16
2390,214,train,2,28
2391,214,train,3,27
2392,214,train,4,26
2393,214,train,5,25
2394,214,train,6,24
2395,214,train,7,23
2396,214,train,8,22
2397,214,train,9,21
2398,214,train,10,20
2399,214,train,11,19
2400,214,train,12,18
2401,214,train,13,17
2402,214,train,14,16
2403,214,train,15,15
2404,214,train,16,14
2405,214,train,17,13
2406,214,train,18,12
2407,214,train,19,11
2408,214,train,20,10
2409,214,train,21,9
2410,214,train,22,8
2411,214,train,23,7
2412,214,train,24,6
2413,214,train,25,5
2414,214,train,26,4
2415,214,train,27,3
2416,214,train,28,2
2417,214,train,29,1
2418,215,train,2,28
2419,215,train,3,27
2420,215,train,4,26
2421,215,train,5,25
2422,215,train,6,24
2423,215,train,7,23
2424,215,train,8,22
2425,215,train,9,21
2426,215,train,10,20
2427,215,train,11,19
2428,215,train,12,18
2429,215,train,13,17
2430,215,train,14,16
2431,215,train,15,15
2432,215,train,16,14
2433,215,train,17,13
2434,215,train,18,12
2435,215,train,19,11
2436,215,train,20,10
2437,215,train,21,9
2438,215,train,22,8
2439,215,train,23,7
2440,215,train,24,6
2441,215,train,25,5
2442,215,train,26,4
2443,215,train,27,3
2444,215,train,28,2
2445,215,train,29,1
2446,216,train,2,28
2447,216,train,3,27
2448,216,train,4,26
2449,216,train,5,25
2450,216,train,6,24
2451,216,train,7,23
2452,216,train,8,22
2453,216,train,9,21
2454,216,train,10,20
2455,216,train,11,19
2456,216,train,12,18
2457,216,train,13,17
2458,216,train,14,16
2459,216,train,15,15
2460,216,train,16,14
2461,216,train,17,13
2462,216,train,18,12
2463,216,train,19,11
2464,216,train,20,10
2465,216,train,21,9
2466,216,train,22,8
2467,216,train,23,7
2468,216,train,24,6
2469,216,train,25,5
2470,216,train,26,4
2471,216,train,27,3
2472,216,train,28,2
2473,216,train,29,1
2474,217,train,2,27
2475,217,train,3,26
2476,217,train,4,25
2477,217,train,5,24
2478,217,train,6,23
2479,217,train,7,22
2480,217,train,8,21
2481,217,train,9,20
2482,217,train,10,19
2483,217,train,11,18
2484,217,train,12,17
2485,217,train,13,16
2486,217,train,14,15
2487,217,train,15,14
2488,217,train,16,13
2489,217,train,17,12
2490,217,train,18,11
2491,217,train,19,10
2492,217,train,20,9
2493,217,train,21,8
2494,217,train,22,7
2495,217,train,23,6
2496,217,train,24,5
2497,217,train,25,4
2498,217,train,26,3
2499,217,train,27,2
2500,217,train,28,1
2501,218,test,8,13
2502,219,train,2,28
2503,219,train,3,27
2504,219,train,4,26
2505,219,train,5,25
2506,219,train,6,24
2507,219,train,7,23
2508,219,train,8,22
2509,219,train,9,21
2510,219,train,10,20
2511,219,train,11,19
2512,219,train,12,18
2513,219,train,13,17
2514,219,train,14,16
2515,219,train,15,15
2516,219,train,16,14
2517,219,train,17,13
2518,219,train,18,12
2519,219,train,19,11
2520,219,train,20,10
2521,219,train,21,9
2522,219,train,22,8
2523,219,train,23,7
2524,219,train,24,6
2525,219,train,25,5
2526,219,train,26,4
2527,219,train,27,3
2528,219,train,28,2
2529,219,train,29,1
2530,220,train,2,26
2531,220,train,3,25
2532,220,train,4,24
2533,220,train,5,23
2534,220,train,6,22
2535,220,train,7,21
2536,220,train,8,20
2537,220,train,9,19
2538,220,train,10,18
2539,220,train,11,17
2540,220,train,12,16
2541,220,train,13,15
2542,220,train,14,14
2543,220,train,15,13
2544,220,train,16,12
2545,220,train,17,11
2546,220,train,18,10
2547,220,train,19,9
2548,220,train,20,8
2549,220,train,21,7
2550,220,train,22,6
2551,220,train,23,5
2552,220,train,24,4
2553,220,train,25,3
2554,220,train,26,2
2555,220,train,27,1
2556,221,train,2,27
2557,221,train,3,26
2558,221,train,4,25
2559,221,train,5,24
2560,221,train,6,23
2561,221,train,7,22
2562,221,train,8,21
2563,221,train,9,20
2564,221,train,10,19
2565,221,train,11,18
2566,221,train,12,17
2567,221,train,13,16
2568,221,train,14,15
2569,221,train,15,14
2570,221,train,16,13
2571,221,train,17,12
2572,221,train,18,11
2573,221,train,19,10
2574,221,train,20,9
2575,221,train,21,8
2576,221,train,22,7
2577,221,train,23,6
2578,221,train,24,5
2579,221,train,25,4
2580,221,train,26,3
2581,221,train,27,2
2582,221,train,28,1
2583,222,train,2,28
2584,222,train,3,27
2585,222,train,4,26
2586,222,train,5,25
2587,222,train,6,24
2588,222,train,7,23
2589,222,train,8,22
2590,222,train,9,21
2591,222,train,10,20
2592,222,train,11,19
2593,222,train,12,18
2594,222,train,13,17
2595,222,train,14,16
2596,222,train,15,15
2597,222,train,16,14
2598,222,train,17,13
2599,222,train,18,12
2600,222,train,19,11
2601,222,train,20,10
2602,222,train,21,9
2603,222,train,22,8
2604,222,train,23,7
2605,222,train,24,6
2606,222,train,25,5
2607,222,train,26,4
2608,222,train,27,3
2609,222,train,28,2
2610,222,train,29,1
2611,223,train,2,27
2612,223,train,3,26
2613,223,train,4,25
2614,223,train,5,24
2615,223,train,6,23
2616,223,train,7,22
2617,223,train,8,21
2618,223,train,9,20
2619,223,train,10,19
2620,223,train,11,18
2621,223,train,12,17
2622,223,train,13,16
2623,223,train,14,15
2624,223,train,15,14
2625,223,train,16,13
2626,223,train,17,12
2627,223,train,18,11
2628,223,train,19,10
2629,223,train,20,9
2630,223,train,21,8
2631,223,train,22,7
2632,223,train,23,6
2633,223,train,24,5
2634,223,train,25,4
2635,223,train,26,3
2636,223,train,27,2
2637,223,train,28,1
2638,224,train,2,29
2639,224,train,3,28
2640,224,train,4,27
2641,224,train,5,26
2642,224,train,6,25
2643,224,train,7,24
2644,224,train,8,23
2645,224,train,9,22
2646,224,train,10,21
2647,224,train,11,20
2648,224,train,12,19
2649,224,train,13,18
2650,224,train,14,17
2651,224,train,15,16
2652,224,train,16,15
2653,224,train,17,14
2654,224,train,18,13
2655,224,train,19,12
2656,224,train,20,11
2657,224,train,21,10
2658,224,train,22,9
2659,224,train,23,8
2660,224,train,24,7
2661,224,train,25,6
2662,224,train,26,5
2663,224,train,27,4
2664,224,train,28,3
2665,224,train,29,2
2666,224,train,30,1
2667,225,train,2,21
2668,225,train,3,20
2669,225,train,4,19
2670,225,train,5,18
2671,225,train,6,17
2672,225,train,7,16
2673,225,train,8,15
2674,225,train,9,14
2675,225,train,10,13
2676,225,train,11,12
2677,225,train,12,11
2678,225,train,13,10
2679,225,train,14,9
2680,225,train,15,8
2681,225,train,16,7
2682,225,train,17,6
2683,225,train,18,5
2684,225,train,19,4
2685,225,train,20,3
2686,225,train,21,2
2687,225,train,22,1
2688,226,train,2,28
2689,226,train,3,27
2690,226,train,4,26
2691,226,train,5,25
2692,226,train,6,24
2693,226,train,7,23
2694,226,train,8,22
2695,226,train,9,21
2696,226,train,10,20
2697,226,train,11,19
2698,226,train,12,18
2699,226,train,13,17
2700,226,train,14,16
2701,226,train,15,15
2702,226,train,16,14
2703,226,train,17,13
2704,226,train,18,12
2705,226,train,19,11
2706,226,train,20,10
2707,226,train,21,9
2708,226,train,22,8
2709,226,train,23,7
2710,226,train,24,6
2711,226,train,25,5
2712,226,train,26,4
2713,226,train,27,3
2714,226,train,28,2
2715,226,train,29,1
2716,227,train,2,28
2717,227,train,3,27
2718,227,train,4,26
2719,227,train,5,25
2720,227,train,6,24
2721,227,train,7,23
2722,227,train,8,22
2723,227,train,9,21
2724,227,train,10,20
2725,227,train,11,19
2726,227,train,12,18
2727,227,train,13,17
2728,227,train,14,16
2729,227,train,15,15
2730,227,train,16,14
2731,227,train,17,13
2732,227,train,18,12
2733,227,train,19,11
2734,227,train,20,10
2735,227,train,21,9
2736,227,train,22,8
2737,227,train,23,7
2738,227,train,24,6
2739,227,train,25,5
2740,227,train,26,4
2741,227,train,27,3
2742,227,train,28,2
2743,227,train,29,1
2744,230,train,2,28
2745,230,train,3,27
2746,230,train,4,26
2747,230,train,5,25
2748,230,train,6,24
2749,230,train,7,23
2750,230,train,8,22
2751,230,train,9,21
2752,230,train,10,20
2753,230,train,11,19
2754,230,train,12,18
2755,230,train,13,17
2756,230,train,14,16
2757,230,train,15,15
2758,230,train,16,14
2759,230,train,17,13
2760,230,train,18,12
2761,230,train,19,11
2762,230,train,20,10
2763,230,train,21,9
2764,230,train,22,8
2765,230,train,23,7
2766,230,train,24,6
2767,230,train,25,5
2768,230,train,26,4
2769,230,train,27,3
2770,230,train,28,2
2771,230,train,29,1
2772,231,train,2,28
2773,231,train,3,27
2774,231,train,4,26
2775,231,train,5,25
2776,231,train,6,24
2777,231,train,7,23
2778,231,train,8,22
2779,231,train,9,21
2780,231,train,10,20
2781,231,train,11,19
2782,231,train,12,18
2783,231,train,13,17
2784,231,train,14,16
2785,231,train,15,15
2786,231,train,16,14
2787,231,train,17,13
2788,231,train,18,12
2789,231,train,19,11
2790,231,train,20,10
2791,231,train,21,9
2792,231,train,22,8
2793,231,train,23,7
2794,231,train,24,6
2795,231,train,25,5
2796,231,train,26,4
2797,231,train,27,3
2798,231,train,28,2
2799,231,train,29,1
2800,232,train,2,27
2801,232,train,3,26
2802,232,train,4,25
2803,232,train,5,24
2804,232,train,6,23
2805,232,train,7,22
2806,232,train,8,21
2807,232,train,9,20
2808,232,train,10,19
2809,232,train,11,18
2810,232,train,12,17
2811,232,train,13,16
2812,232,train,14,15
2813,232,train,15,14
2814,232,train,16,13
2815,232,train,17,12
2816,232,train,18,11
2817,232,train,19,10
2818,232,train,20,9
2819,232,train,21,8
2820,232,train,22,7
2821,232,train,23,6
2822,232,train,24,5
2823,232,train,25,4
2824,232,train,26,3
2825,232,train,27,2
2826,232,train,28,1
2827,233,test,12,17
2828,234,val,2,3
2829,235,train,2,20
2830,235,train,3,19
2831,235,train,4,18
2832,235,train,5,17
2833,235,train,6,16
2834,235,train,7,15
2835,235,train,8,14
2836,235,train,9,13
2837,235,train,10,12
2838,235,train,11,11
2839,235,train,12,10
2840,235,train,13,9
2841,235,train,14,8
2842,235,train,15,7
2843,235,train,16,6
2844,235,train,17,5
2845,235,train,18,4
2846,235,train,19,3
2847,235,train,20,2
2848,235,train,21,1
2849,237,train,2,29
2850,237,train,3,28
2851,237,train,4,27
2852,237,train,5,26
2853,237,train,6,25
2854,237,train,7,24
2855,237,train,8,23
2856,237,train,9,22
2857,237,train,10,21
2858,237,train,11,20
2859,237,train,12,19
2860,237,train,13,18
2861,237,train,14,17
2862,237,train,15,16
2863,237,train,16,15
2864,237,train,17,14
2865,237,train,18,13
2866,237,train,19,12
2867,237,train,20,11
2868,237,train,21,10
2869,237,train,22,9
2870,237,train,23,8
2871,237,train,24,7
2872,237,train,25,6
2873,237,train,26,5
2874,237,train,27,4
2875,237,train,28,3
2876,237,train,29,2
2877,237,train,30,1
2878,238,train,2,26
2879,238,train,3,25
2880,238,train,4,24
2881,238,train,5,23
2882,238,train,6,22
2883,238,train,7,21
2884,238,train,8,20
2885,238,train,9,19
2886,238,train,10,18
2887,238,train,11,17
2888,238,train,12,16
2889,238,train,13,15
2890,238,train,14,14
2891,238,train,15,13
2892,238,train,16,12
2893,238,train,17,11
2894,238,train,18,10
2895,238,train,19,9
2896,238,train,20,8
2897,238,train,21,7
2898,238,train,22,6
2899,238,train,23,5
2900,238,train,24,4
2901,238,train,25,3
2902,238,train,26,2
2903,238,train,27,1
2904,239,val,12,18
2905,240,train,2,2
2906,240,train,3,1
2907,242,train,2,2
2908,242,train,3,1
2909,243,train,2,28
2910,243,train,3,27
2911,243,train,4,26
2912,243,train,5,25
2913,243,train,6,24
2914,243,train,7,23
2915,243,train,8,22
2916,243,train,9,21
2917,243,train,10,20
2918,243,train,11,19
2919,243,train,12,18
2920,243,train,13,17
2921,243,train,14,16
2922,243,train,15,15
2923,243,train,16,14
2924,243,train,17,13
2925,243,train,18,12
2926,243,train,19,11
2927,243,train,20,10
2928,243,train,21,9
2929,243,train,22,8
2930,243,train,23,7
2931,243,train,24,6
2932,243,train,25,5
2933,243,train,26,4
2934,243,train,27,3
2935,243,train,28,2
2936,243,train,29,1
2937,245,test,11,16
2938,247,train,2,20
2939,247,train,3,19
2940,247,train,4,18
2941,247,train,5,17
2942,247,train,6,16
2943,247,train,7,15
2944,247,train,8,14
2945,247,train,9,13
2946,247,train,10,12
2947,247,train,11,11
2948,247,train,12,10
2949,247,train,13,9
2950,247,train,14,8
2951,247,train,15,7
2952,247,train,16,6
2953,247,train,17,5
2954,247,train,18,4
2955,247,train,19,3
2956,247,train,20,2
2957,247,train,21,1
2958,248,train,2,2
2959,248,train,3,1
2960,252,train,2,25
2961,252,train,3,24
2962,252,train,4,23
2963,252,train,5,22
2964,252,train,6,21
2965,252,train,7,20
2966,252,train,8,19
2967,252,train,9,18
2968,252,train,10,17
2969,252,train,11,16
2970,252,train,12,15
2971,252,train,13,14
2972,252,train,14,13
2973,252,train,15,12
2974,252,train,16,11
2975,252,train,17,10
2976,252,train,18,9
2977,252,train,19,8
2978,252,train,20,7
2979,252,train,21,6
2980,252,train,22,5
2981,252,train,23,4
2982,252,train,24,3
2983,252,train,25,2
2984,252,train,26,1
2985,253,test,11,16
2986,254,val,10,16
2987,255,test,11,16
2988,256,test,11,16
2989,257,train,2,25
2990,257,train,3,24
2991,257,train,4,23
2992,257,train,5,22
2993,257,train,6,21
2994,257,train,7,20
2995,257,train,8,19
2996,257,train,9,18
2997,257,train,10,17
2998,257,train,11,16
2999,257,train,12,15
3000,257,train,13,14
3001,257,train,14,13
3002,257,train,15,12
3003,257,train,16,11
3004,257,train,17,10
3005,257,train,18,9
3006,257,train,19,8
3007,257,train,20,7
3008,257,train,21,6
3009,257,train,22,5
3010,257,train,23,4
3011,257,train,24,3
3012,257,train,25,2
3013,257,train,26,1
3014,258,train,2,20
3015,258,train,3,19
3016,258,train,4,18
3017,258,train,5,17
3018,258,train,6,16
3019,258,train,7,15
3020,258,train,8,14
3021,258,train,9,13
3022,258,train,10,12
3023,258,train,11,11
3024,258,train,12,10
3025,258,train,13,9
3026,258,train,14,8
3027,258,train,15,7
3028,258,train,16,6
3029,258,train,17,5
3030,258,train,18,4
3031,258,train,19,3
3032,258,train,20,2
3033,258,train,21,1
3034,259,train,2,25
3035,259,train,3,24
3036,259,train,4,23
3037,259,train,5,22
3038,259,train,6,21
3039,259,train,7,20
3040,259,train,8,19
3041,259,train,9,18
3042,259,train,10,17
3043,259,train,11,16
3044,259,train,12,15
3045,259,train,13,14
3046,259,train,14,13
3047,259,train,15,12
3048,259,train,16,11
3049,259,train,17,10
3050,259,train,18,9
3051,259,train,19,8
3052,259,train,20,7
3053,259,train,21,6
3054,259,train,22,5
3055,259,train,23,4
3056,259,train,24,3
3057,259,train,25,2
3058,259,train,26,1
3059,261,train,2,16
3060,261,train,3,15
3061,261,train,4,14
3062,261,train,5,13
3063,261,train,6,12
3064,261,train,7,11
3065,261,train,8,10
3066,261,train,9,9
3067,261,train,10,8
3068,261,train,11,7
3069,261,train,12,6
3070,261,train,13,5
3071,261,train,14,4
3072,261,train,15,3
3073,261,train,16,2
3074,261,train,17,1
3075,262,train,2,2
3076,262,train,3,1
3077,263,train,2,16
3078,263,train,3,15
3079,263,train,4,14
3080,263,train,5,13
3081,263,train,6,12
3082,263,train,7,11
3083,263,train,8,10
3084,263,train,9,9
3085,263,train,10,8
3086,263,train,11,7
3087,263,train,12,6
3088,263,train,13,5
3089,263,train,14,4
3090,263,train,15,3
3091,263,train,16,2
3092,263,train,17,1
3093,264,val,11,16
3094,265,train,2,24
3095,265,train,3,23
3096,265,train,4,22
3097,265,train,5,21
3098,265,train,6,20
3099,265,train,7,19
3100,265,train,8,18
3101,265,train,9,17
3102,265,train,10,16
3103,265,train,11,15
3104,265,train,12,14
3105,265,train,13,13
3106,265,train,14,12
3107,265,train,15,11
3108,265,train,16,10
3109,265,train,17,9
3110,265,train,18,8
3111,265,train,19,7
3112,265,train,20,6
3113,265,train,21,5
3114,265,train,22,4
3115,265,train,23,3
3116,265,train,24,2
3117,265,train,25,1
3118,266,train,2,20
3119,266,train,3,19
3120,266,train,4,18
3121,266,train,5,17
3122,266,train,6,16
3123,266,train,7,15
3124,266,train,8,14
3125,266,train,9,13
3126,266,train,10,12
3127,266,train,11,11
3128,266,train,12,10
3129,266,train,13,9
3130,266,train,14,8
3131,266,train,15,7
3132,266,train,16,6
3133,266,train,17,5
3134,266,train,18,4
3135,266,train,19,3
3136,266,train,20,2
3137,266,train,21,1
3138,267,train,2,16
3139,267,train,3,15
3140,267,train,4,14
3141,267,train,5,13
3142,267,train,6,12
3143,267,train,7,11
3144,267,train,8,10
3145,267,train,9,9
3146,267,train,10,8
3147,267,train,11,7
3148,267,train,12,6
3149,267,train,13,5
3150,267,train,14,4
3151,267,train,15,3
3152,267,train,16,2
3153,267,train,17,1
3154,268,train,2,16
3155,268,train,3,15
3156,268,train,4,14
3157,268,train,5,13
3158,268,train,6,12
3159,268,train,7,11
3160,268,train,8,10
3161,268,train,9,9
3162,268,train,10,8
3163,268,train,11,7
3164,268,train,12,6
3165,268,train,13,5
3166,268,train,14,4
3167,268,train,15,3
3168,268,train,16,2
3169,268,train,17,1
3170,270,train,2,25
3171,270,train,3,24
3172,270,train,4,23
3173,270,train,5,22
3174,270,train,6,21
3175,270,train,7,20
3176,270,train,8,19
3177,270,train,9,18
3178,270,train,10,17
3179,270,train,11,16
3180,270,train,12,15
3181,270,train,13,14
3182,270,train,14,13
3183,270,train,15,12
3184,270,train,16,11
3185,270,train,17,10
3186,270,train,18,9
3187,270,train,19,8
3188,270,train,20,7
3189,270,train,21,6
3190,270,train,22,5
3191,270,train,23,4
3192,270,train,24,3
3193,270,train,25,2
3194,270,train,26,1
3195,271,test,9,13
3196,273,train,2,20
3197,273,train,3,19
3198,273,train,4,18
3199,273,train,5,17
3200,273,train,6,16
3201,273,train,7,15
3202,273,train,8,14
3203,273,train,9,13
3204,273,train,10,12
3205,273,train,11,11
3206,273,train,12,10
3207,273,train,13,9
3208,273,train,14,8
3209,273,train,15,7
3210,273,train,16,6
3211,273,train,17,5
3212,273,train,18,4
3213,273,train,19,3
3214,273,train,20,2
3215,273,train,21,1
3216,274,train,2,25
3217,274,train,3,24
3218,274,train,4,23
3219,274,train,5,22
3220,274,train,6,21
3221,274,train,7,20
3222,274,train,8,19
3223,274,train,9,18
3224,274,train,10,17
3225,274,train,11,16
3226,274,train,12,15
3227,274,train,13,14
3228,274,train,14,13
3229,274,train,15,12
3230,274,train,16,11
3231,274,train,17,10
3232,274,train,18,9
3233,274,train,19,8
3234,274,train,20,7
3235,274,train,21,6
3236,274,train,22,5
3237,274,train,23,4
3238,274,train,24,3
3239,274,train,25,2
3240,274,train,26,1
3241,275,train,2,16
3242,275,train,3,15
3243,275,train,4,14
3244,275,train,5,13
3245,275,train,6,12
3246,275,train,7,11
3247,275,train,8,10
3248,275,train,9,9
3249,275,train,10,8
3250,275,train,11,7
3251,275,train,12,6
3252,275,train,13,5
3253,275,train,14,4
3254,275,train,15,3
3255,275,train,16,2
3256,275,train,17,1
3257,276,train,2,24
3258,276,train,3,23
3259,276,train,4,22
3260,276,train,5,21
3261,276,train,6,20
3262,276,train,7,19
3263,276,train,8,18
3264,276,train,9,17
3265,276,train,10,16
3266,276,train,11,15
3267,276,train,12,14
3268,276,train,13,13
3269,276,train,14,12
3270,276,train,15,11
3271,276,train,16,10
3272,276,train,17,9
3273,276,train,18,8
3274,276,train,19,7
3275,276,train,20,6
3276,276,train,21,5
3277,276,train,22,4
3278,276,train,23,3
3279,276,train,24,2
3280,276,train,25,1
3281,277,train,2,16
3282,277,train,3,15
3283,277,train,4,14
3284,277,train,5,13
3285,277,train,6,12
3286,277,train,7,11
3287,277,train,8,10
3288,277,train,9,9
3289,277,train,10,8
3290,277,train,11,7
3291,277,train,12,6
3292,277,train,13,5
3293,277,train,14,4
3294,277,train,15,3
3295,277,train,16,2
3296,277,train,17,1
3297,278,train,2,16
3298,278,train,3,15
3299,278,train,4,14
3300,278,train,5,13
3301,278,train,6,12
3302,278,train,7,11
3303,278,train,8,10
3304,278,train,9,9
3305,278,train,10,8
3306,278,train,11,7
3307,278,train,12,6
3308,278,train,13,5
3309,278,train,14,4
3310,278,train,15,3
3311,278,train,16,2
3312,278,train,17,1
3313,280,train,2,16
3314,280,train,3,15
3315,280,train,4,14
3316,280,train,5,13
3317,280,train,6,12
3318,280,train,7,11
3319,280,train,8,10
3320,280,train,9,9
3321,280,train,10,8
3322,280,train,11,7
3323,280,train,12,6
3324,280,train,13,5
3325,280,train,14,4
3326,280,train,15,3
3327,280,train,16,2
3328,280,train,17,1
3329,281,train,2,16
3330,281,train,3,15
3331,281,train,4,14
3332,281,train,5,13
3333,281,train,6,12
3334,281,train,7,11
3335,281,train,8,10
3336,281,train,9,9
3337,281,train,10,8
3338,281,train,11,7
3339,281,train,12,6
3340,281,train,13,5
3341,281,train,14,4
3342,281,train,15,3
3343,281,train,16,2
3344,281,train,17,1
3345,282,val,7,11
3346,283,train,2,16
3347,283,train,3,15
3348,283,train,4,14
3349,283,train,5,13
3350,283,train,6,12
3351,283,train,7,11
3352,283,train,8,10
3353,283,train,9,9
3354,283,train,10,8
3355,283,train,11,7
3356,283,train,12,6
3357,283,train,13,5
3358,283,train,14,4
3359,283,train,15,3
3360,283,train,16,2
3361,283,train,17,1
3362,285,val,7,11
3363,288,test,11,16
3364,289,train,2,2
3365,289,train,3,1
3366,290,train,2,21
3367,290,train,3,20
3368,290,train,4,19
3369,290,train,5,18
3370,290,train,6,17
3371,290,train,7,16
3372,290,train,8,15
3373,290,train,9,14
3374,290,train,10,13
3375,290,train,11,12
3376,290,train,12,11
3377,290,train,13,10
3378,290,train,14,9
3379,290,train,15,8
3380,290,train,16,7
3381,290,train,17,6
3382,290,train,18,5
3383,290,train,19,4
3384,290,train,20,3
3385,290,train,21,2
3386,290,train,22,1
3387,292,train,2,20
3388,292,train,3,19
3389,292,train,4,18
3390,292,train,5,17
3391,292,train,6,16
3392,292,train,7,15
3393,292,train,8,14
3394,292,train,9,13
3395,292,train,10,12
3396,292,train,11,11
3397,292,train,12,10
3398,292,train,13,9
3399,292,train,14,8
3400,292,train,15,7
3401,292,train,16,6
3402,292,train,17,5
3403,292,train,18,4
3404,292,train,19,3
3405,292,train,20,2
3406,292,train,21,1
3407,295,train,2,19
3408,295,train,3,18
3409,295,train,4,17
3410,295,train,5,16
3411,295,train,6,15
3412,295,train,7,14
3413,295,train,8,13
3414,295,train,9,12
3415,295,train,10,11
3416,295,train,11,10
3417,295,train,12,9
3418,295,train,13,8
3419,295,train,14,7
3420,295,train,15,6
3421,295,train,16,5
3422,295,train,17,4
3423,295,train,18,3
3424,295,train,19,2
3425,295,train,20,1
3426,301,val,10,16
3427,302,train,2,24
3428,302,train,3,23
3429,302,train,4,22
3430,302,train,5,21
3431,302,train,6,20
3432,302,train,7,19
3433,302,train,8,18
3434,302,train,9,17
3435,302,train,10,16
3436,302,train,11,15
3437,302,train,12,14
3438,302,train,13,13
3439,302,train,14,12
3440,302,train,15,11
3441,302,train,16,10
3442,302,train,17,9
3443,302,train,18,8
3444,302,train,19,7
3445,302,train,20,6
3446,302,train,21,5
3447,302,train,22,4
3448,302,train,23,3
3449,302,train,24,2
3450,302,train,25,1
3451,304,train,2,24
3452,304,train,3,23
3453,304,train,4,22
3454,304,train,5,21
3455,304,train,6,20
3456,304,train,7,19
3457,304,train,8,18
3458,304,train,9,17
3459,304,train,10,16
3460,304,train,11,15
3461,304,train,12,14
3462,304,train,13,13
3463,304,train,14,12
3464,304,train,15,11
3465,304,train,16,10
3466,304,train,17,9
3467,304,train,18,8
3468,304,train,19,7
3469,304,train,20,6
3470,304,train,21,5
3471,304,train,22,4
3472,304,train,23,3
3473,304,train,24,2
3474,304,train,25,1
3475,305,train,2,20
3476,305,train,3,19
3477,305,train,4,18
3478,305,train,5,17
3479,305,train,6,16
3480,305,train,7,15
3481,305,train,8,14
3482,305,train,9,13
3483,305,train,10,12
3484,305,train,11,11
3485,305,train,12,10
3486,305,train,13,9
3487,305,train,14,8
3488,305,train,15,7
3489,305,train,16,6
3490,305,train,17,5
3491,305,train,18,4
3492,305,train,19,3
3493,305,train,20,2
3494,305,train,21,1
3495,306,train,2,20
3496,306,train,3,19
3497,306,train,4,18
3498,306,train,5,17
3499,306,train,6,16
3500,306,train,7,15
3501,306,train,8,14
3502,306,train,9,13
3503,306,train,10,12
3504,306,train,11,11
3505,306,train,12,10
3506,306,train,13,9
3507,306,train,14,8
3508,306,train,15,7
3509,306,train,16,6
3510,306,train,17,5
3511,306,train,18,4
3512,306,train,19,3
3513,306,train,20,2
3514,306,train,21,1
3515,307,train,2,24
3516,307,train,3,23
3517,307,train,4,22
3518,307,train,5,21
3519,307,train,6,20
3520,307,train,7,19
3521,307,train,8,18
3522,307,train,9,17
3523,307,train,10,16
3524,307,train,11,15
3525,307,train,12,14
3526,307,train,13,13
3527,307,train,14,12
3528,307,train,15,11
3529,307,train,16,10
3530,307,train,17,9
3531,307,train,18,8
3532,307,train,19,7
3533,307,train,20,6
3534,307,train,21,5
3535,307,train,22,4
3536,307,train,23,3
3537,307,train,24,2
3538,307,train,25,1
3539,308,train,2,24
3540,308,train,3,23
3541,308,train,4,22
3542,308,train,5,21
3543,308,train,6,20
3544,308,train,7,19
3545,308,train,8,18
3546,308,train,9,17
3547,308,train,10,16
3548,308,train,11,15
3549,308,train,12,14
3550,308,train,13,13
3551,308,train,14,12
3552,308,train,15,11
3553,308,train,16,10
3554,308,train,17,9
3555,308,train,18,8
3556,308,train,19,7
3557,308,train,20,6
3558,308,train,21,5
3559,308,train,22,4
3560,308,train,23,3
3561,308,train,24,2
3562,308,train,25,1
3563,309,train,2,24
3564,309,train,3,23
3565,309,train,4,22
3566,309,train,5,21
3567,309,train,6,20
3568,309,train,7,19
3569,309,train,8,18
3570,309,train,9,17
3571,309,train,10,16
3572,309,train,11,15
3573,309,train,12,14
3574,309,train,13,13
3575,309,train,14,12
3576,309,train,15,11
3577,309,train,16,10
3578,309,train,17,9
3579,309,train,18,8
3580,309,train,19,7
3581,309,train,20,6
3582,309,train,21,5
3583,309,train,22,4
3584,309,train,23,3
3585,309,train,24,2
3586,309,train,25,1
3587,310,train,2,24
3588,310,train,3,23
3589,310,train,4,22
3590,310,train,5,21
3591,310,train,6,20
3592,310,train,7,19
3593,310,train,8,18
3594,310,train,9,17
3595,310,train,10,16
3596,310,train,11,15
3597,310,train,12,14
3598,310,train,13,13
3599,310,train,14,12
3600,310,train,15,11
3601,310,train,16,10
3602,310,train,17,9
3603,310,train,18,8
3604,310,train,19,7
3605,310,train,20,6
3606,310,train,21,5
3607,310,train,22,4
3608,310,train,23,3
3609,310,train,24,2
3610,310,train,25,1
3611,312,train,2,25
3612,312,train,3,24
3613,312,train,4,23
3614,312,train,5,22
3615,312,train,6,21
3616,312,train,7,20
3617,312,train,8,19
3618,312,train,9,18
3619,312,train,10,17
3620,312,train,11,16
3621,312,train,12,15
3622,312,train,13,14
3623,312,train,14,13
3624,312,train,15,12
3625,312,train,16,11
3626,312,train,17,10
3627,312,train,18,9
3628,312,train,19,8
3629,312,train,20,7
3630,312,train,21,6
3631,312,train,22,5
3632,312,train,23,4
3633,312,train,24,3
3634,312,train,25,2
3635,312,train,26,1
3636,313,train,2,24
3637,313,train,3,23
3638,313,train,4,22
3639,313,train,5,21
3640,313,train,6,20
3641,313,train,7,19
3642,313,train,8,18
3643,313,train,9,17
3644,313,train,10,16
3645,313,train,11,15
3646,313,train,12,14
3647,313,train,13,13
3648,313,train,14,12
3649,313,train,15,11
3650,313,train,16,10
3651,313,train,17,9
3652,313,train,18,8
3653,313,train,19,7
3654,313,train,20,6
3655,313,train,21,5
3656,313,train,22,4
3657,313,train,23,3
3658,313,train,24,2
3659,313,train,25,1
3660,314,train,2,24
3661,314,train,3,23
3662,314,train,4,22
3663,314,train,5,21
3664,314,train,6,20
3665,314,train,7,19
3666,314,train,8,18
3667,314,train,9,17
3668,314,train,10,16
3669,314,train,11,15
3670,314,train,12,14
3671,314,train,13,13
3672,314,train,14,12
3673,314,train,15,11
3674,314,train,16,10
3675,314,train,17,9
3676,314,train,18,8
3677,314,train,19,7
3678,314,train,20,6
3679,314,train,21,5
3680,314,train,22,4
3681,314,train,23,3
3682,314,train,24,2
3683,314,train,25,1
3684,317,train,2,20
3685,317,train,3,19
3686,317,train,4,18
3687,317,train,5,17
3688,317,train,6,16
3689,317,train,7,15
3690,317,train,8,14
3691,317,train,9,13
3692,317,train,10,12
3693,317,train,11,11
3694,317,train,12,10
3695,317,train,13,9
3696,317,train,14,8
3697,317,train,15,7
3698,317,train,16,6
3699,317,train,17,5
3700,317,train,18,4
3701,317,train,19,3
3702,317,train,20,2
3703,317,train,21,1
3704,318,train,2,23
3705,318,train,3,22
3706,318,train,4,21
3707,318,train,5,20
3708,318,train,6,19
3709,318,train,7,18
3710,318,train,8,17
3711,318,train,9,16
3712,318,train,10,15
3713,318,train,11,14
3714,318,train,12,13
3715,318,train,13,12
3716,318,train,14,11
3717,318,train,15,10
3718,318,train,16,9
3719,318,train,17,8
3720,318,train,18,7
3721,318,train,19,6
3722,318,train,20,5
3723,318,train,21,4
3724,318,train,22,3
3725,318,train,23,2
3726,318,train,24,1
3727,319,train,2,25
3728,319,train,3,24
3729,319,train,4,23
3730,319,train,5,22
3731,319,train,6,21
3732,319,train,7,20
3733,319,train,8,19
3734,319,train,9,18
3735,319,train,10,17
3736,319,train,11,16
3737,319,train,12,15
3738,319,train,13,14
3739,319,train,14,13
3740,319,train,15,12
3741,319,train,16,11
3742,319,train,17,10
3743,319,train,18,9
3744,319,train,19,8
3745,319,train,20,7
3746,319,train,21,6
3747,319,train,22,5
3748,319,train,23,4
3749,319,train,24,3
3750,319,train,25,2
3751,319,train,26,1
3752,320,test,10,16
3753,321,train,2,24
3754,321,train,3,23
3755,321,train,4,22
3756,321,train,5,21
3757,321,train,6,20
3758,321,train,7,19
3759,321,train,8,18
3760,321,train,9,17
3761,321,train,10,16
3762,321,train,11,15
3763,321,train,12,14
3764,321,train,13,13
3765,321,train,14,12
3766,321,train,15,11
3767,321,train,16,10
3768,321,train,17,9
3769,321,train,18,8
3770,321,train,19,7
3771,321,train,20,6
3772,321,train,21,5
3773,321,train,22,4
3774,321,train,23,3
3775,321,train,24,2
3776,321,train,25,1
3777,322,train,2,24
3778,322,train,3,23
3779,322,train,4,22
3780,322,train,5,21
3781,322,train,6,20
3782,322,train,7,19
3783,322,train,8,18
3784,322,train,9,17
3785,322,train,10,16
3786,322,train,11,15
3787,322,train,12,14
3788,322,train,13,13
3789,322,train,14,12
3790,322,train,15,11
3791,322,train,16,10
3792,322,train,17,9
3793,322,train,18,8
3794,322,train,19,7
3795,322,train,20,6
3796,322,train,21,5
3797,322,train,22,4
3798,322,train,23,3
3799,322,train,24,2
3800,322,train,25,1
3801,323,train,2,23
3802,323,train,3,22
3803,323,train,4,21
3804,323,train,5,20
3805,323,train,6,19
3806,323,train,7,18
3807,323,train,8,17
3808,323,train,9,16
3809,323,train,10,15
3810,323,train,11,14
3811,323,train,12,13
3812,323,train,13,12
3813,323,train,14,11
3814,323,train,15,10
3815,323,train,16,9
3816,323,train,17,8
3817,323,train,18,7
3818,323,train,19,6
3819,323,train,20,5
3820,323,train,21,4
3821,323,train,22,3
3822,323,train,23,2
3823,323,train,24,1
3824,324,val,11,16
3825,325,val,11,16
3826,326,train,2,25
3827,326,train,3,24
3828,326,train,4,23
3829,326,train,5,22
3830,326,train,6,21
3831,326,train,7,20
3832,326,train,8,19
3833,326,train,9,18
3834,326,train,10,17
3835,326,train,11,16
3836,326,train,12,15
3837,326,train,13,14
3838,326,train,14,13
3839,326,train,15,12
3840,326,train,16,11
3841,326,train,17,10
3842,326,train,18,9
3843,326,train,19,8
3844,326,train,20,7
3845,326,train,21,6
3846,326,train,22,5
3847,326,train,23,4
3848,326,train,24,3
3849,326,train,25,2
3850,326,train,26,1
3851,329,train,2,25
3852,329,train,3,24
3853,329,train,4,23
3854,329,train,5,22
3855,329,train,6,21
3856,329,train,7,20
3857,329,train,8,19
3858,329,train,9,18
3859,329,train,10,17
3860,329,train,11,16
3861,329,train,12,15
3862,329,train,13,14
3863,329,train,14,13
3864,329,train,15,12
3865,329,train,16,11
3866,329,train,17,10
3867,329,train,18,9
3868,329,train,19,8
3869,329,train,20,7
3870,329,train,21,6
3871,329,train,22,5
3872,329,train,23,4
3873,329,train,24,3
3874,329,train,25,2
3875,329,train,26,1
3876,330,train,2,25
3877,330,train,3,24
3878,330,train,4,23
3879,330,train,5,22
3880,330,train,6,21
3881,330,train,7,20
3882,330,train,8,19
3883,330,train,9,18
3884,330,train,10,17
3885,330,train,11,16
3886,330,train,12,15
3887,330,train,13,14
3888,330,train,14,13
3889,330,train,15,12
3890,330,train,16,11
3891,330,train,17,10
3892,330,train,18,9
3893,330,train,19,8
3894,330,train,20,7
3895,330,train,21,6
3896,330,train,22,5
3897,330,train,23,4
3898,330,train,24,3
3899,330,train,25,2
3900,330,train,26,1
3901,332,test,11,16
3902,333,train,2,24
3903,333,train,3,23
3904,333,train,4,22
3905,333,train,5,21
3906,333,train,6,20
3907,333,train,7,19
3908,333,train,8,18
3909,333,train,9,17
3910,333,train,10,16
3911,333,train,11,15
3912,333,train,12,14
3913,333,train,13,13
3914,333,train,14,12
3915,333,train,15,11
3916,333,train,16,10
3917,333,train,17,9
3918,333,train,18,8
3919,333,train,19,7
3920,333,train,20,6
3921,333,train,21,5
3922,333,train,22,4
3923,333,train,23,3
3924,333,train,24,2
3925,333,train,25,1
3926,334,train,2,25
3927,334,train,3,24
3928,334,train,4,23
3929,334,train,5,22
3930,334,train,6,21
3931,334,train,7,20
3932,334,train,8,19
3933,334,train,9,18
3934,334,train,10,17
3935,334,train,11,16
3936,334,train,12,15
3937,334,train,13,14
3938,334,train,14,13
3939,334,train,15,12
3940,334,train,16,11
3941,334,train,17,10
3942,334,train,18,9
3943,334,train,19,8
3944,334,train,20,7
3945,334,train,21,6
3946,334,train,22,5
3947,334,train,23,4
3948,334,train,24,3
3949,334,train,25,2
3950,334,train,26,1
3951,335,test,10,16
3952,336,val,11,16
3953,337,train,2,25
3954,337,train,3,24
3955,337,train,4,23
3956,337,train,5,22
3957,337,train,6,21
3958,337,train,7,20
3959,337,train,8,19
3960,337,train,9,18
3961,337,train,10,17
3962,337,train,11,16
3963,337,train,12,15
3964,337,train,13,14
3965,337,train,14,13
3966,337,train,15,12
3967,337,train,16,11
3968,337,train,17,10
3969,337,train,18,9
3970,337,train,19,8
3971,337,train,20,7
3972,337,train,21,6
3973,337,train,22,5
3974,337,train,23,4
3975,337,train,24,3
3976,337,train,25,2
3977,337,train,26,1
3978,338,train,2,25
3979,338,train,3,24
3980,338,train,4,23
3981,338,train,5,22
3982,338,train,6,21
3983,338,train,7,20
3984,338,train,8,19
3985,338,train,9,18
3986,338,train,10,17
3987,338,train,11,16
3988,338,train,12,15
3989,338,train,13,14
3990,338,train,14,13
3991,338,train,15,12
3992,338,train,16,11
3993,338,train,17,10
3994,338,train,18,9
3995,338,train,19,8
3996,338,train,20,7
3997,338,train,21,6
3998,338,train,22,5
3999,338,train,23,4
4000,338,train,24,3
4001,338,train,25,2
4002,338,train,26,1
4003,339,train,2,24
4004,339,train,3,23
4005,339,train,4,22
4006,339,train,5,21
4007,339,train,6,20
4008,339,train,7,19
4009,339,train,8,18
4010,339,train,9,17
4011,339,train,10,16
4012,339,train,11,15
4013,339,train,12,14
4014,339,train,13,13
4015,339,train,14,12
4016,339,train,15,11
4017,339,train,16,10
4018,339,train,17,9
4019,339,train,18,8
4020,339,train,19,7
4021,339,train,20,6
4022,339,train,21,5
4023,339,train,22,4
4024,339,train,23,3
4025,339,train,24,2
4026,339,train,25,1
4027,341,train,2,25
4028,341,train,3,24
4029,341,train,4,23
4030,341,train,5,22
4031,341,train,6,21
4032,341,train,7,20
4033,341,train,8,19
4034,341,train,9,18
4035,341,train,10,17
4036,341,train,11,16
4037,341,train,12,15
4038,341,train,13,14
4039,341,train,14,13
4040,341,train,15,12
4041,341,train,16,11
4042,341,train,17,10
4043,341,train,18,9
4044,341,train,19,8
4045,341,train,20,7
4046,341,train,21,6
4047,341,train,22,5
4048,341,train,23,4
4049,341,train,24,3
4050,341,train,25,2
4051,341,train,26,1
4052,342,test,11,16
4053,344,train,2,25
4054,344,train,3,24
4055,344,train,4,23
4056,344,train,5,22
4057,344,train,6,21
4058,344,train,7,20
4059,344,train,8,19
4060,344,train,9,18
4061,344,train,10,17
4062,344,train,11,16
4063,344,train,12,15
4064,344,train,13,14
4065,344,train,14,13
4066,344,train,15,12
4067,344,train,16,11
4068,344,train,17,10
4069,344,train,18,9
4070,344,train,19,8
4071,344,train,20,7
4072,344,train,21,6
4073,344,train,22,5
4074,344,train,23,4
4075,344,train,24,3
4076,344,train,25,2
4077,344,train,26,1
4078,345,test,10,16
4079,346,train,2,24
4080,346,train,3,23
4081,346,train,4,22
4082,346,train,5,21
4083,346,train,6,20
4084,346,train,7,19
4085,346,train,8,18
4086,346,train,9,17
4087,346,train,10,16
4088,346,train,11,15
4089,346,train,12,14
4090,346,train,13,13
4091,346,train,14,12
4092,346,train,15,11
4093,346,train,16,10
4094,346,train,17,9
4095,346,train,18,8
4096,346,train,19,7
4097,346,train,20,6
4098,346,train,21,5
4099,346,train,22,4
4100,346,train,23,3
4101,346,train,24,2
4102,346,train,25,1
4103,347,train,2,24
4104,347,train,3,23
4105,347,train,4,22
4106,347,train,5,21
4107,347,train,6,20
4108,347,train,7,19
4109,347,train,8,18
4110,347,train,9,17
4111,347,train,10,16
4112,347,train,11,15
4113,347,train,12,14
4114,347,train,13,13
4115,347,train,14,12
4116,347,train,15,11
4117,347,train,16,10
4118,347,train,17,9
4119,347,train,18,8
4120,347,train,19,7
4121,347,train,20,6
4122,347,train,21,5
4123,347,train,22,4
4124,347,train,23,3
4125,347,train,24,2
4126,347,train,25,1
4127,348,train,2,24
4128,348,train,3,23
4129,348,train,4,22
4130,348,train,5,21
4131,348,train,6,20
4132,348,train,7,19
4133,348,train,8,18
4134,348,train,9,17
4135,348,train,10,16
4136,348,train,11,15
4137,348,train,12,14
4138,348,train,13,13
4139,348,train,14,12
4140,348,train,15,11
4141,348,train,16,10
4142,348,train,17,9
4143,348,train,18,8
4144,348,train,19,7
4145,348,train,20,6
4146,348,train,21,5
4147,348,train,22,4
4148,348,train,23,3
4149,348,train,24,2
4150,348,train,25,1
4151,349,test,10,16
4152,350,train,2,24
4153,350,train,3,23
4154,350,train,4,22
4155,350,train,5,21
4156,350,train,6,20
4157,350,train,7,19
4158,350,train,8,18
4159,350,train,9,17
4160,350,train,10,16
4161,350,train,11,15
4162,350,train,12,14
4163,350,train,13,13
4164,350,train,14,12
4165,350,train,15,11
4166,350,train,16,10
4167,350,train,17,9
4168,350,train,18,8
4169,350,train,19,7
4170,350,train,20,6
4171,350,train,21,5
4172,350,train,22,4
4173,350,train,23,3
4174,350,train,24,2
4175,350,train,25,1
4176,351,train,2,24
4177,351,train,3,23
4178,351,train,4,22
4179,351,train,5,21
4180,351,train,6,20
4181,351,train,7,19
4182,351,train,8,18
4183,351,train,9,17
4184,351,train,10,16
4185,351,train,11,15
4186,351,train,12,14
4187,351,train,13,13
4188,351,train,14,12
4189,351,train,15,11
4190,351,train,16,10
4191,351,train,17,9
4192,351,train,18,8
4193,351,train,19,7
4194,351,train,20,6
4195,351,train,21,5
4196,351,train,22,4
4197,351,train,23,3
4198,351,train,24,2
4199,351,train,25,1
4200,352,train,2,24
4201,352,train,3,23
4202,352,train,4,22
4203,352,train,5,21
4204,352,train,6,20
4205,352,train,7,19
4206,352,train,8,18
4207,352,train,9,17
4208,352,train,10,16
4209,352,train,11,15
4210,352,train,12,14
4211,352,train,13,13
4212,352,train,14,12
4213,352,train,15,11
4214,352,train,16,10
4215,352,train,17,9
4216,352,train,18,8
4217,352,train,19,7
4218,352,train,20,6
4219,352,train,21,5
4220,352,train,22,4
4221,352,train,23,3
4222,352,train,24,2
4223,352,train,25,1
4224,353,train,2,25
4225,353,train,3,24
4226,353,train,4,23
4227,353,train,5,22
4228,353,train,6,21
4229,353,train,7,20
4230,353,train,8,19
4231,353,train,9,18
4232,353,train,10,17
4233,353,train,11,16
4234,353,train,12,15
4235,353,train,13,14
4236,353,train,14,13
4237,353,train,15,12
4238,353,train,16,11
4239,353,train,17,10
4240,353,train,18,9
4241,353,train,19,8
4242,353,train,20,7
4243,353,train,21,6
4244,353,train,22,5
4245,353,train,23,4
4246,353,train,24,3
4247,353,train,25,2
4248,353,train,26,1
4249,357,train,2,24
4250,357,train,3,23
4251,357,train,4,22
4252,357,train,5,21
4253,357,train,6,20
4254,357,train,7,19
4255,357,train,8,18
4256,357,train,9,17
4257,357,train,10,16
4258,357,train,11,15
4259,357,train,12,14
4260,357,train,13,13
4261,357,train,14,12
4262,357,train,15,11
4263,357,train,16,10
4264,357,train,17,9
4265,357,train,18,8
4266,357,train,19,7
4267,357,train,20,6
4268,357,train,21,5
4269,357,train,22,4
4270,357,train,23,3
4271,357,train,24,2
4272,357,train,25,1
4273,358,train,2,24
4274,358,train,3,23
4275,358,train,4,22
4276,358,train,5,21
4277,358,train,6,20
4278,358,train,7,19
4279,358,train,8,18
4280,358,train,9,17
4281,358,train,10,16
4282,358,train,11,15
4283,358,train,12,14
4284,358,train,13,13
4285,358,train,14,12
4286,358,train,15,11
4287,358,train,16,10
4288,358,train,17,9
4289,358,train,18,8
4290,358,train,19,7
4291,358,train,20,6
4292,358,train,21,5
4293,358,train,22,4
4294,358,train,23,3
4295,358,train,24,2
4296,358,train,25,1
4297,362,train,2,24
4298,362,train,3,23
4299,362,train,4,22
4300,362,train,5,21
4301,362,train,6,20
4302,362,train,7,19
4303,362,train,8,18
4304,362,train,9,17
4305,362,train,10,16
4306,362,train,11,15
4307,362,train,12,14
4308,362,train,13,13
4309,362,train,14,12
4310,362,train,15,11
4311,362,train,16,10
4312,362,train,17,9
4313,362,train,18,8
4314,362,train,19,7
4315,362,train,20,6
4316,362,train,21,5
4317,362,train,22,4
4318,362,train,23,3
4319,362,train,24,2
4320,362,train,25,1
4321,503,train,2,17
4322,503,train,3,16
4323,503,train,4,15
4324,503,train,5,14
4325,503,train,6,13
4326,503,train,7,12
4327,503,train,8,11
4328,503,train,9,10
4329,503,train,10,9
4330,503,train,11,8
4331,503,train,12,7
4332,503,train,13,6
4333,503,train,14,5
4334,503,train,15,4
4335,503,train,16,3
4336,503,train,17,2
4337,503,train,18,1
4338,504,val,7,11
4339,505,train,2,17
4340,505,train,3,16
4341,505,train,4,15
4342,505,train,5,14
4343,505,train,6,13
4344,505,train,7,12
4345,505,train,8,11
4346,505,train,9,10
4347,505,train,10,9
4348,505,train,11,8
4349,505,train,12,7
4350,505,train,13,6
4351,505,train,14,5
4352,505,train,15,4
4353,505,train,16,3
4354,505,train,17,2
4355,505,train,18,1
4356,507,train,2,16
4357,507,train,3,15
4358,507,train,4,14
4359,507,train,5,13
4360,507,train,6,12
4361,507,train,7,11
4362,507,train,8,10
4363,507,train,9,9
4364,507,train,10,8
4365,507,train,11,7
4366,507,train,12,6
4367,507,train,13,5
4368,507,train,14,4
4369,507,train,15,3
4370,507,train,16,2
4371,507,train,17,1
4372,508,train,2,17
4373,508,train,3,16
4374,508,train,4,15
4375,508,train,5,14
4376,508,train,6,13
4377,508,train,7,12
4378,508,train,8,11
4379,508,train,9,10
4380,508,train,10,9
4381,508,train,11,8
4382,508,train,12,7
4383,508,train,13,6
4384,508,train,14,5
4385,508,train,15,4
4386,508,train,16,3
4387,508,train,17,2
4388,508,train,18,1
4389,509,test,8,11
4390,511,train,2,17
4391,511,train,3,16
4392,511,train,4,15
4393,511,train,5,14
4394,511,train,6,13
4395,511,train,7,12
4396,511,train,8,11
4397,511,train,9,10
4398,511,train,10,9
4399,511,train,11,8
4400,511,train,12,7
4401,511,train,13,6
4402,511,train,14,5
4403,511,train,15,4
4404,511,train,16,3
4405,511,train,17,2
4406,511,train,18,1
4407,513,train,2,17
4408,513,train,3,16
4409,513,train,4,15
4410,513,train,5,14
4411,513,train,6,13
4412,513,train,7,12
4413,513,train,8,11
4414,513,train,9,10
4415,513,train,10,9
4416,513,train,11,8
4417,513,train,12,7
4418,513,train,13,6
4419,513,train,14,5
4420,513,train,15,4
4421,513,train,16,3
4422,513,train,17,2
4423,513,train,18,1
4424,514,train,2,17
4425,514,train,3,16
4426,514,train,4,15
4427,514,train,5,14
4428,514,train,6,13
4429,514,train,7,12
4430,514,train,8,11
4431,514,train,9,10
4432,514,train,10,9
4433,514,train,11,8
4434,514,train,12,7
4435,514,train,13,6
4436,514,train,14,5
4437,514,train,15,4
4438,514,train,16,3
4439,514,train,17,2
4440,514,train,18,1
4441,515,train,2,17
4442,515,train,3,16
4443,515,train,4,15
4444,515,train,5,14
4445,515,train,6,13
4446,515,train,7,12
4447,515,train,8,11
4448,515,train,9,10
4449,515,train,10,9
4450,515,train,11,8
4451,515,train,12,7
4452,515,train,13,6
4453,515,train,14,5
4454,515,train,15,4
4455,515,train,16,3
4456,515,train,17,2
4457,515,train,18,1
4458,516,train,2,17
4459,516,train,3,16
4460,516,train,4,15
4461,516,train,5,14
4462,516,train,6,13
4463,516,train,7,12
4464,516,train,8,11
4465,516,train,9,10
4466,516,train,10,9
4467,516,train,11,8
4468,516,train,12,7
4469,516,train,13,6
4470,516,train,14,5
4471,516,train,15,4
4472,516,train,16,3
4473,516,train,17,2
4474,516,train,18,1
4475,517,train,2,17
4476,517,train,3,16
4477,517,train,4,15
4478,517,train,5,14
4479,517,train,6,13
4480,517,train,7,12
4481,517,train,8,11
4482,517,train,9,10
4483,517,train,10,9
4484,517,train,11,8
4485,517,train,12,7
4486,517,train,13,6
4487,517,train,14,5
4488,517,train,15,4
4489,517,train,16,3
4490,517,train,17,2
4491,517,train,18,1
4492,519,test,8,11
4493,521,test,8,11
4494,523,val,8,11
4495,527,test,8,11
4496,529,train,2,17
4497,529,train,3,16
4498,529,train,4,15
4499,529,train,5,14
4500,529,train,6,13
4501,529,train,7,12
4502,529,train,8,11
4503,529,train,9,10
4504,529,train,10,9
4505,529,train,11,8
4506,529,train,12,7
4507,529,train,13,6
4508,529,train,14,5
4509,529,train,15,4
4510,529,train,16,3
4511,529,train,17,2
4512,529,train,18,1
4513,532,train,2,17
4514,532,train,3,16
4515,532,train,4,15
4516,532,train,5,14
4517,532,train,6,13
4518,532,train,7,12
4519,532,train,8,11
4520,532,train,9,10
4521,532,train,10,9
4522,532,train,11,8
4523,532,train,12,7
4524,532,train,13,6
4525,532,train,14,5
4526,532,train,15,4
4527,532,train,16,3
4528,532,train,17,2
4529,532,train,18,1
4530,533,test,8,11
4531,535,train,2,16
4532,535,train,3,15
4533,535,train,4,14
4534,535,train,5,13
4535,535,train,6,12
4536,535,train,7,11
4537,535,train,8,10
4538,535,train,9,9
4539,535,train,10,8
4540,535,train,11,7
4541,535,train,12,6
4542,535,train,13,5
4543,535,train,14,4
4544,535,train,15,3
4545,535,train,16,2
4546,535,train,17,1
4547,536,train,2,17
4548,536,train,3,16
4549,536,train,4,15
4550,536,train,5,14
4551,536,train,6,13
4552,536,train,7,12
4553,536,train,8,11
4554,536,train,9,10
4555,536,train,10,9
4556,536,train,11,8
4557,536,train,12,7
4558,536,train,13,6
4559,536,train,14,5
4560,536,train,15,4
4561,536,train,16,3
4562,536,train,17,2
4563,536,train,18,1
4564,537,test,8,11
4565,538,train,2,17
4566,538,train,3,16
4567,538,train,4,15
4568,538,train,5,14
4569,538,train,6,13
4570,538,train,7,12
4571,538,train,8,11
4572,538,train,9,10
4573,538,train,10,9
4574,538,train,11,8
4575,538,train,12,7
4576,538,train,13,6
4577,538,train,14,5
4578,538,train,15,4
4579,538,train,16,3
4580,538,train,17,2
4581,538,train,18,1
4582,540,test,8,11
4583,541,train,2,17
4584,541,train,3,16
4585,541,train,4,15
4586,541,train,5,14
4587,541,train,6,13
4588,541,train,7,12
4589,541,train,8,11
4590,541,train,9,10
4591,541,train,10,9
4592,541,train,11,8
4593,541,train,12,7
4594,541,train,13,6
4595,541,train,14,5
4596,541,train,15,4
4597,541,train,16,3
4598,541,train,17,2
4599,541,train,18,1
4600,544,test,8,11
4601,545,train,2,17
4602,545,train,3,16
4603,545,train,4,15
4604,545,train,5,14
4605,545,train,6,13
4606,545,train,7,12
4607,545,train,8,11
4608,545,train,9,10
4609,545,train,10,9
4610,545,train,11,8
4611,545,train,12,7
4612,545,train,13,6
4613,545,train,14,5
4614,545,train,15,4
4615,545,train,16,3
4616,545,train,17,2
4617,545,train,18,1
4618,546,train,2,17
4619,546,train,3,16
4620,546,train,4,15
4621,546,train,5,14
4622,546,train,6,13
4623,546,train,7,12
4624,546,train,8,11
4625,546,train,9,10
4626,546,train,10,9
4627,546,train,11,8
4628,546,train,12,7
4629,546,train,13,6
4630,546,train,14,5
4631,546,train,15,4
4632,546,train,16,3
4633,546,train,17,2
4634,546,train,18,1
4635,548,train,2,17
4636,548,train,3,16
4637,548,train,4,15
4638,548,train,5,14
4639,548,train,6,13
4640,548,train,7,12
4641,548,train,8,11
4642,548,train,9,10
4643,548,train,10,9
4644,548,train,11,8
4645,548,train,12,7
4646,548,train,13,6
4647,548,train,14,5
4648,548,train,15,4
4649,548,train,16,3
4650,548,train,17,2
4651,548,train,18,1
4652,549,val,8,11
4653,550,test,8,11
4654,572,train,2,17
4655,572,train,3,16
4656,572,train,4,15
4657,572,train,5,14
4658,572,train,6,13
4659,572,train,7,12
4660,572,train,8,11
4661,572,train,9,10
4662,572,train,10,9
4663,572,train,11,8
4664,572,train,12,7
4665,572,train,13,6
4666,572,train,14,5
4667,572,train,15,4
4668,572,train,16,3
4669,572,train,17,2
4670,572,train,18,1
