电芯编号,电芯文件夹,筛选分类,通过筛选的 SOH 数量,A条件_电芯级未剔除,A条件_通过SOH数量≥5,A条件结果,B条件结果,B具体未满足条件,用途
4,METABatt_Sony_Murata_18650VTC6_004,A完整,30,True,True,通过,未通过,无,train/val/test
5,METABatt_Sony_Murata_18650VTC6_005,A完整,28,True,True,通过,未通过,无,train/val/test
6,METABatt_Sony_Murata_18650VTC6_006,A完整,27,True,True,通过,未通过,无,train/val/test
7,METABatt_Sony_Murata_18650VTC6_007,A完整,24,True,True,通过,未通过,无,train/val/test
9,METABatt_Sony_Murata_18650VTC6_009,A完整,5,True,True,通过,未通过,无,train/val/test
10,METABatt_Sony_Murata_18650VTC6_010,A完整,27,True,True,通过,未通过,无,train/val/test
11,METABatt_Sony_Murata_18650VTC6_011,A完整,26,True,True,通过,未通过,无,train/val/test
14,METABatt_Sony_Murata_18650VTC6_014,A完整,14,True,True,通过,未通过,无,train/val/test
15,METABatt_Sony_Murata_18650VTC6_015,A完整,29,True,True,通过,未通过,无,train/val/test
16,METABatt_Sony_Murata_18650VTC6_016,A完整,25,True,True,通过,未通过,无,train/val/test
17,METABatt_Sony_Murata_18650VTC6_017,A完整,5,True,True,通过,未通过,无,train/val/test
18,METABatt_Sony_Murata_18650VTC6_018,A完整,6,True,True,通过,未通过,无,train/val/test
19,METABatt_Sony_Murata_18650VTC6_019,A完整,5,True,True,通过,未通过,无,train/val/test
20,METABatt_Sony_Murata_18650VTC6_020,A完整,22,True,True,通过,未通过,无,train/val/test
21,METABatt_Sony_Murata_18650VTC6_021,A完整,30,True,True,通过,未通过,无,train/val/test
22,METABatt_Sony_Murata_18650VTC6_022,A完整,28,True,True,通过,未通过,无,train/val/test
23,METABatt_Sony_Murata_18650VTC6_023,A完整,29,True,True,通过,未通过,无,train/val/test
24,METABatt_Sony_Murata_18650VTC6_024,A完整,27,True,True,通过,未通过,无,train/val/test
25,METABatt_Sony_Murata_18650VTC6_025,A完整,30,True,True,通过,未通过,无,train/val/test
26,METABatt_Sony_Murata_18650VTC6_026,A完整,29,True,True,通过,未通过,无,train/val/test
27,METABatt_Sony_Murata_18650VTC6_027,A完整,28,True,True,通过,未通过,无,train/val/test
32,METABatt_Sony_Murata_18650VTC6_032,A完整,28,True,True,通过,未通过,无,train/val/test
33,METABatt_Sony_Murata_18650VTC6_033,A完整,28,True,True,通过,未通过,无,train/val/test
34,METABatt_Sony_Murata_18650VTC6_034,A完整,28,True,True,通过,未通过,无,train/val/test
35,METABatt_Sony_Murata_18650VTC6_035,A完整,28,True,True,通过,未通过,无,train/val/test
37,METABatt_Sony_Murata_18650VTC6_037,A完整,28,True,True,通过,未通过,无,train/val/test
38,METABatt_Sony_Murata_18650VTC6_038,A完整,28,True,True,通过,未通过,无,train/val/test
41,METABatt_Sony_Murata_18650VTC6_041,A完整,28,True,True,通过,未通过,无,train/val/test
42,METABatt_Sony_Murata_18650VTC6_042,A完整,28,True,True,通过,未通过,无,train/val/test
43,METABatt_Sony_Murata_18650VTC6_043,A完整,26,True,True,通过,未通过,无,train/val/test
44,METABatt_Sony_Murata_18650VTC6_044,A完整,28,True,True,通过,未通过,无,train/val/test
46,METABatt_Sony_Murata_18650VTC6_046,A完整,28,True,True,通过,未通过,无,train/val/test
47,METABatt_Sony_Murata_18650VTC6_047,A完整,25,True,True,通过,未通过,无,train/val/test
48,METABatt_Sony_Murata_18650VTC6_048,A完整,28,True,True,通过,未通过,无,train/val/test
51,METABatt_Sony_Murata_18650VTC6_051,A完整,27,True,True,通过,未通过,无,train/val/test
53,METABatt_Sony_Murata_18650VTC6_053,A完整,28,True,True,通过,未通过,无,train/val/test
55,METABatt_Sony_Murata_18650VTC6_055,A完整,22,True,True,通过,未通过,无,train/val/test
56,METABatt_Sony_Murata_18650VTC6_056,A完整,28,True,True,通过,未通过,无,train/val/test
59,METABatt_Sony_Murata_18650VTC6_059,A完整,28,True,True,通过,未通过,无,train/val/test
61,METABatt_Sony_Murata_18650VTC6_061,A完整,28,True,True,通过,未通过,无,train/val/test
62,METABatt_Sony_Murata_18650VTC6_062,A完整,27,True,True,通过,未通过,无,train/val/test
63,METABatt_Sony_Murata_18650VTC6_063,A完整,28,True,True,通过,未通过,无,train/val/test
65,METABatt_Sony_Murata_18650VTC6_065,A完整,28,True,True,通过,未通过,无,train/val/test
66,METABatt_Sony_Murata_18650VTC6_066,A完整,28,True,True,通过,未通过,无,train/val/test
67,METABatt_Sony_Murata_18650VTC6_067,A完整,27,True,True,通过,未通过,无,train/val/test
68,METABatt_Sony_Murata_18650VTC6_068,A完整,27,True,True,通过,未通过,无,train/val/test
69,METABatt_Sony_Murata_18650VTC6_069,A完整,28,True,True,通过,未通过,无,train/val/test
70,METABatt_Sony_Murata_18650VTC6_070,A完整,28,True,True,通过,未通过,无,train/val/test
71,METABatt_Sony_Murata_18650VTC6_071,A完整,28,True,True,通过,未通过,无,train/val/test
72,METABatt_Sony_Murata_18650VTC6_072,A完整,27,True,True,通过,未通过,无,train/val/test
73,METABatt_Sony_Murata_18650VTC6_073,A完整,27,True,True,通过,未通过,无,train/val/test
74,METABatt_Sony_Murata_18650VTC6_074,A完整,27,True,True,通过,未通过,无,train/val/test
75,METABatt_Sony_Murata_18650VTC6_075,A完整,28,True,True,通过,未通过,无,train/val/test
77,METABatt_Sony_Murata_18650VTC6_077,A完整,28,True,True,通过,未通过,无,train/val/test
78,METABatt_Sony_Murata_18650VTC6_078,A完整,24,True,True,通过,未通过,无,train/val/test
80,METABatt_Sony_Murata_18650VTC6_080,A完整,27,True,True,通过,未通过,无,train/val/test
82,METABatt_Sony_Murata_18650VTC6_082,A完整,28,True,True,通过,未通过,无,train/val/test
83,METABatt_Sony_Murata_18650VTC6_083,A完整,29,True,True,通过,未通过,无,train/val/test
84,METABatt_Sony_Murata_18650VTC6_084,A完整,19,True,True,通过,未通过,无,train/val/test
85,METABatt_Sony_Murata_18650VTC6_085,A完整,27,True,True,通过,未通过,无,train/val/test
86,METABatt_Sony_Murata_18650VTC6_086,A完整,27,True,True,通过,未通过,无,train/val/test
88,METABatt_Sony_Murata_18650VTC6_088,A完整,27,True,True,通过,未通过,无,train/val/test
89,METABatt_Sony_Murata_18650VTC6_089,A完整,28,True,True,通过,未通过,无,train/val/test
90,METABatt_Sony_Murata_18650VTC6_090,A完整,27,True,True,通过,未通过,无,train/val/test
91,METABatt_Sony_Murata_18650VTC6_091,A完整,27,True,True,通过,未通过,无,train/val/test
92,METABatt_Sony_Murata_18650VTC6_092,A完整,27,True,True,通过,未通过,无,train/val/test
93,METABatt_Sony_Murata_18650VTC6_093,A完整,27,True,True,通过,未通过,无,train/val/test
94,METABatt_Sony_Murata_18650VTC6_094,A完整,27,True,True,通过,未通过,无,train/val/test
95,METABatt_Sony_Murata_18650VTC6_095,A完整,27,True,True,通过,未通过,无,train/val/test
96,METABatt_Sony_Murata_18650VTC6_096,A完整,27,True,True,通过,未通过,无,train/val/test
97,METABatt_Sony_Murata_18650VTC6_097,A完整,27,True,True,通过,未通过,无,train/val/test
99,METABatt_Sony_Murata_18650VTC6_099,A完整,24,True,True,通过,未通过,无,train/val/test
100,METABatt_Sony_Murata_18650VTC6_100,A完整,27,True,True,通过,未通过,无,train/val/test
101,METABatt_Sony_Murata_18650VTC6_101,A完整,29,True,True,通过,未通过,无,train/val/test
102,METABatt_Sony_Murata_18650VTC6_102,A完整,28,True,True,通过,未通过,无,train/val/test
105,METABatt_Sony_Murata_18650VTC6_105,A完整,22,True,True,通过,未通过,无,train/val/test
106,METABatt_Sony_Murata_18650VTC6_106,A完整,5,True,True,通过,未通过,无,train/val/test
107,METABatt_Sony_Murata_18650VTC6_107,A完整,28,True,True,通过,未通过,无,train/val/test
108,METABatt_Sony_Murata_18650VTC6_108,A完整,28,True,True,通过,未通过,无,train/val/test
109,METABatt_Sony_Murata_18650VTC6_109,A完整,28,True,True,通过,未通过,无,train/val/test
110,METABatt_Sony_Murata_18650VTC6_110,A完整,30,True,True,通过,未通过,无,train/val/test
111,METABatt_Sony_Murata_18650VTC6_111,A完整,26,True,True,通过,未通过,无,train/val/test
112,METABatt_Sony_Murata_18650VTC6_112,A完整,30,True,True,通过,未通过,无,train/val/test
115,METABatt_Sony_Murata_18650VTC6_115,A完整,28,True,True,通过,未通过,无,train/val/test
116,METABatt_Sony_Murata_18650VTC6_116,A完整,22,True,True,通过,未通过,无,train/val/test
117,METABatt_Sony_Murata_18650VTC6_117,A完整,25,True,True,通过,未通过,无,train/val/test
118,METABatt_Sony_Murata_18650VTC6_118,A完整,30,True,True,通过,未通过,无,train/val/test
119,METABatt_Sony_Murata_18650VTC6_119,A完整,22,True,True,通过,未通过,无,train/val/test
121,METABatt_Sony_Murata_18650VTC6_121,A完整,5,True,True,通过,未通过,无,train/val/test
122,METABatt_Sony_Murata_18650VTC6_122,A完整,22,True,True,通过,未通过,无,train/val/test
123,METABatt_Sony_Murata_18650VTC6_123,A完整,5,True,True,通过,未通过,无,train/val/test
124,METABatt_Sony_Murata_18650VTC6_124,A完整,26,True,True,通过,未通过,无,train/val/test
125,METABatt_Sony_Murata_18650VTC6_125,A完整,5,True,True,通过,未通过,无,train/val/test
126,METABatt_Sony_Murata_18650VTC6_126,A完整,5,True,True,通过,未通过,无,train/val/test
127,METABatt_Sony_Murata_18650VTC6_127,A完整,29,True,True,通过,未通过,无,train/val/test
128,METABatt_Sony_Murata_18650VTC6_128,A完整,22,True,True,通过,未通过,无,train/val/test
129,METABatt_Sony_Murata_18650VTC6_129,A完整,26,True,True,通过,未通过,无,train/val/test
130,METABatt_Sony_Murata_18650VTC6_130,A完整,22,True,True,通过,未通过,无,train/val/test
131,METABatt_Sony_Murata_18650VTC6_131,A完整,6,True,True,通过,未通过,无,train/val/test
132,METABatt_Sony_Murata_18650VTC6_132,A完整,30,True,True,通过,未通过,无,train/val/test
133,METABatt_Sony_Murata_18650VTC6_133,A完整,22,True,True,通过,未通过,无,train/val/test
134,METABatt_Sony_Murata_18650VTC6_134,A完整,29,True,True,通过,未通过,无,train/val/test
135,METABatt_Sony_Murata_18650VTC6_135,A完整,6,True,True,通过,未通过,无,train/val/test
136,METABatt_Sony_Murata_18650VTC6_136,A完整,5,True,True,通过,未通过,无,train/val/test
137,METABatt_Sony_Murata_18650VTC6_137,A完整,28,True,True,通过,未通过,无,train/val/test
139,METABatt_Sony_Murata_18650VTC6_139,A完整,24,True,True,通过,未通过,无,train/val/test
140,METABatt_Sony_Murata_18650VTC6_140,A完整,5,True,True,通过,未通过,无,train/val/test
142,METABatt_Sony_Murata_18650VTC6_142,A完整,30,True,True,通过,未通过,无,train/val/test
146,METABatt_Sony_Murata_18650VTC6_146,A完整,22,True,True,通过,未通过,无,train/val/test
149,METABatt_Sony_Murata_18650VTC6_149,A完整,22,True,True,通过,未通过,无,train/val/test
151,METABatt_Sony_Murata_18650VTC6_151,A完整,27,True,True,通过,未通过,无,train/val/test
152,METABatt_Sony_Murata_18650VTC6_152,A完整,27,True,True,通过,未通过,无,train/val/test
153,METABatt_Sony_Murata_18650VTC6_153,B受限,4,True,False,未通过,通过,合格 SOH 数量 < 5,仅train
154,METABatt_Sony_Murata_18650VTC6_154,A完整,27,True,True,通过,未通过,无,train/val/test
155,METABatt_Sony_Murata_18650VTC6_155,A完整,5,True,True,通过,未通过,无,train/val/test
157,METABatt_Sony_Murata_18650VTC6_157,A完整,19,True,True,通过,未通过,无,train/val/test
158,METABatt_Sony_Murata_18650VTC6_158,A完整,27,True,True,通过,未通过,无,train/val/test
159,METABatt_Sony_Murata_18650VTC6_159,A完整,27,True,True,通过,未通过,无,train/val/test
160,METABatt_Sony_Murata_18650VTC6_160,A完整,27,True,True,通过,未通过,无,train/val/test
161,METABatt_Sony_Murata_18650VTC6_161,A完整,26,True,True,通过,未通过,无,train/val/test
162,METABatt_Sony_Murata_18650VTC6_162,A完整,27,True,True,通过,未通过,无,train/val/test
163,METABatt_Sony_Murata_18650VTC6_163,A完整,27,True,True,通过,未通过,无,train/val/test
164,METABatt_Sony_Murata_18650VTC6_164,A完整,27,True,True,通过,未通过,无,train/val/test
165,METABatt_Sony_Murata_18650VTC6_165,A完整,27,True,True,通过,未通过,无,train/val/test
166,METABatt_Sony_Murata_18650VTC6_166,A完整,27,True,True,通过,未通过,无,train/val/test
167,METABatt_Sony_Murata_18650VTC6_167,A完整,27,True,True,通过,未通过,无,train/val/test
168,METABatt_Sony_Murata_18650VTC6_168,A完整,30,True,True,通过,未通过,无,train/val/test
169,METABatt_Sony_Murata_18650VTC6_169,A完整,27,True,True,通过,未通过,无,train/val/test
170,METABatt_Sony_Murata_18650VTC6_170,A完整,27,True,True,通过,未通过,无,train/val/test
173,METABatt_Sony_Murata_18650VTC6_173,A完整,26,True,True,通过,未通过,无,train/val/test
174,METABatt_Sony_Murata_18650VTC6_174,A完整,27,True,True,通过,未通过,无,train/val/test
175,METABatt_Sony_Murata_18650VTC6_175,A完整,27,True,True,通过,未通过,无,train/val/test
176,METABatt_Sony_Murata_18650VTC6_176,A完整,26,True,True,通过,未通过,无,train/val/test
177,METABatt_Sony_Murata_18650VTC6_177,B受限,4,True,False,未通过,通过,合格 SOH 数量 < 5,仅train
178,METABatt_Sony_Murata_18650VTC6_178,A完整,27,True,True,通过,未通过,无,train/val/test
179,METABatt_Sony_Murata_18650VTC6_179,A完整,27,True,True,通过,未通过,无,train/val/test
180,METABatt_Sony_Murata_18650VTC6_180,A完整,19,True,True,通过,未通过,无,train/val/test
181,METABatt_Sony_Murata_18650VTC6_181,A完整,22,True,True,通过,未通过,无,train/val/test
182,METABatt_Sony_Murata_18650VTC6_182,A完整,23,True,True,通过,未通过,无,train/val/test
184,METABatt_Sony_Murata_18650VTC6_184,A完整,27,True,True,通过,未通过,无,train/val/test
188,METABatt_Sony_Murata_18650VTC6_188,A完整,27,True,True,通过,未通过,无,train/val/test
189,METABatt_Sony_Murata_18650VTC6_189,A完整,19,True,True,通过,未通过,无,train/val/test
190,METABatt_Sony_Murata_18650VTC6_190,A完整,12,True,True,通过,未通过,无,train/val/test
191,METABatt_Sony_Murata_18650VTC6_191,A完整,29,True,True,通过,未通过,无,train/val/test
192,METABatt_Sony_Murata_18650VTC6_192,A完整,27,True,True,通过,未通过,无,train/val/test
193,METABatt_Sony_Murata_18650VTC6_193,A完整,5,True,True,通过,未通过,无,train/val/test
195,METABatt_Sony_Murata_18650VTC6_195,A完整,22,True,True,通过,未通过,无,train/val/test
196,METABatt_Sony_Murata_18650VTC6_196,A完整,23,True,True,通过,未通过,无,train/val/test
201,METABatt_Sony_Murata_18650VTC6_201,A完整,29,True,True,通过,未通过,无,train/val/test
202,METABatt_Sony_Murata_18650VTC6_202,A完整,29,True,True,通过,未通过,无,train/val/test
203,METABatt_Sony_Murata_18650VTC6_203,A完整,30,True,True,通过,未通过,无,train/val/test
204,METABatt_Sony_Murata_18650VTC6_204,A完整,30,True,True,通过,未通过,无,train/val/test
205,METABatt_Sony_Murata_18650VTC6_205,A完整,29,True,True,通过,未通过,无,train/val/test
206,METABatt_Sony_Murata_18650VTC6_206,A完整,27,True,True,通过,未通过,无,train/val/test
207,METABatt_Sony_Murata_18650VTC6_207,A完整,29,True,True,通过,未通过,无,train/val/test
209,METABatt_Sony_Murata_18650VTC6_209,A完整,30,True,True,通过,未通过,无,train/val/test
210,METABatt_Sony_Murata_18650VTC6_210,A完整,30,True,True,通过,未通过,无,train/val/test
211,METABatt_Sony_Murata_18650VTC6_211,A完整,29,True,True,通过,未通过,无,train/val/test
212,METABatt_Sony_Murata_18650VTC6_212,A完整,22,True,True,通过,未通过,无,train/val/test
213,METABatt_Sony_Murata_18650VTC6_213,A完整,27,True,True,通过,未通过,无,train/val/test
214,METABatt_Sony_Murata_18650VTC6_214,A完整,30,True,True,通过,未通过,无,train/val/test
215,METABatt_Sony_Murata_18650VTC6_215,A完整,30,True,True,通过,未通过,无,train/val/test
216,METABatt_Sony_Murata_18650VTC6_216,A完整,30,True,True,通过,未通过,无,train/val/test
217,METABatt_Sony_Murata_18650VTC6_217,A完整,29,True,True,通过,未通过,无,train/val/test
218,METABatt_Sony_Murata_18650VTC6_218,A完整,21,True,True,通过,未通过,无,train/val/test
219,METABatt_Sony_Murata_18650VTC6_219,A完整,30,True,True,通过,未通过,无,train/val/test
220,METABatt_Sony_Murata_18650VTC6_220,A完整,28,True,True,通过,未通过,无,train/val/test
221,METABatt_Sony_Murata_18650VTC6_221,A完整,29,True,True,通过,未通过,无,train/val/test
222,METABatt_Sony_Murata_18650VTC6_222,A完整,30,True,True,通过,未通过,无,train/val/test
223,METABatt_Sony_Murata_18650VTC6_223,A完整,29,True,True,通过,未通过,无,train/val/test
224,METABatt_Sony_Murata_18650VTC6_224,A完整,31,True,True,通过,未通过,无,train/val/test
225,METABatt_Sony_Murata_18650VTC6_225,A完整,23,True,True,通过,未通过,无,train/val/test
226,METABatt_Sony_Murata_18650VTC6_226,A完整,30,True,True,通过,未通过,无,train/val/test
227,METABatt_Sony_Murata_18650VTC6_227,A完整,30,True,True,通过,未通过,无,train/val/test
230,METABatt_Sony_Murata_18650VTC6_230,A完整,30,True,True,通过,未通过,无,train/val/test
231,METABatt_Sony_Murata_18650VTC6_231,A完整,30,True,True,通过,未通过,无,train/val/test
232,METABatt_Sony_Murata_18650VTC6_232,A完整,29,True,True,通过,未通过,无,train/val/test
233,METABatt_Sony_Murata_18650VTC6_233,A完整,29,True,True,通过,未通过,无,train/val/test
234,METABatt_Sony_Murata_18650VTC6_234,A完整,5,True,True,通过,未通过,无,train/val/test
235,METABatt_Sony_Murata_18650VTC6_235,A完整,22,True,True,通过,未通过,无,train/val/test
237,METABatt_Sony_Murata_18650VTC6_237,A完整,31,True,True,通过,未通过,无,train/val/test
238,METABatt_Sony_Murata_18650VTC6_238,A完整,28,True,True,通过,未通过,无,train/val/test
239,METABatt_Sony_Murata_18650VTC6_239,A完整,30,True,True,通过,未通过,无,train/val/test
240,METABatt_Sony_Murata_18650VTC6_240,B受限,4,True,False,未通过,通过,合格 SOH 数量 < 5,仅train
242,METABatt_Sony_Murata_18650VTC6_242,B受限,4,True,False,未通过,通过,合格 SOH 数量 < 5,仅train
243,METABatt_Sony_Murata_18650VTC6_243,A完整,30,True,True,通过,未通过,无,train/val/test
245,METABatt_Sony_Murata_18650VTC6_245,A完整,27,True,True,通过,未通过,无,train/val/test
247,METABatt_Sony_Murata_18650VTC6_247,A完整,22,True,True,通过,未通过,无,train/val/test
248,METABatt_Sony_Murata_18650VTC6_248,B受限,4,True,False,未通过,通过,合格 SOH 数量 < 5,仅train
252,METABatt_Sony_Murata_18650VTC6_252,A完整,27,True,True,通过,未通过,无,train/val/test
253,METABatt_Sony_Murata_18650VTC6_253,A完整,27,True,True,通过,未通过,无,train/val/test
254,METABatt_Sony_Murata_18650VTC6_254,A完整,26,True,True,通过,未通过,无,train/val/test
255,METABatt_Sony_Murata_18650VTC6_255,A完整,27,True,True,通过,未通过,无,train/val/test
256,METABatt_Sony_Murata_18650VTC6_256,A完整,27,True,True,通过,未通过,无,train/val/test
257,METABatt_Sony_Murata_18650VTC6_257,A完整,27,True,True,通过,未通过,无,train/val/test
258,METABatt_Sony_Murata_18650VTC6_258,A完整,22,True,True,通过,未通过,无,train/val/test
259,METABatt_Sony_Murata_18650VTC6_259,A完整,27,True,True,通过,未通过,无,train/val/test
261,METABatt_Sony_Murata_18650VTC6_261,A完整,18,True,True,通过,未通过,无,train/val/test
262,METABatt_Sony_Murata_18650VTC6_262,B受限,4,True,False,未通过,通过,合格 SOH 数量 < 5,仅train
263,METABatt_Sony_Murata_18650VTC6_263,A完整,18,True,True,通过,未通过,无,train/val/test
264,METABatt_Sony_Murata_18650VTC6_264,A完整,27,True,True,通过,未通过,无,train/val/test
265,METABatt_Sony_Murata_18650VTC6_265,A完整,26,True,True,通过,未通过,无,train/val/test
266,METABatt_Sony_Murata_18650VTC6_266,A完整,22,True,True,通过,未通过,无,train/val/test
267,METABatt_Sony_Murata_18650VTC6_267,A完整,18,True,True,通过,未通过,无,train/val/test
268,METABatt_Sony_Murata_18650VTC6_268,A完整,18,True,True,通过,未通过,无,train/val/test
270,METABatt_Sony_Murata_18650VTC6_270,A完整,27,True,True,通过,未通过,无,train/val/test
271,METABatt_Sony_Murata_18650VTC6_271,A完整,22,True,True,通过,未通过,无,train/val/test
273,METABatt_Sony_Murata_18650VTC6_273,A完整,22,True,True,通过,未通过,无,train/val/test
274,METABatt_Sony_Murata_18650VTC6_274,A完整,27,True,True,通过,未通过,无,train/val/test
275,METABatt_Sony_Murata_18650VTC6_275,A完整,18,True,True,通过,未通过,无,train/val/test
276,METABatt_Sony_Murata_18650VTC6_276,A完整,26,True,True,通过,未通过,无,train/val/test
277,METABatt_Sony_Murata_18650VTC6_277,A完整,18,True,True,通过,未通过,无,train/val/test
278,METABatt_Sony_Murata_18650VTC6_278,A完整,18,True,True,通过,未通过,无,train/val/test
280,METABatt_Sony_Murata_18650VTC6_280,A完整,18,True,True,通过,未通过,无,train/val/test
281,METABatt_Sony_Murata_18650VTC6_281,A完整,18,True,True,通过,未通过,无,train/val/test
282,METABatt_Sony_Murata_18650VTC6_282,A完整,18,True,True,通过,未通过,无,train/val/test
283,METABatt_Sony_Murata_18650VTC6_283,A完整,18,True,True,通过,未通过,无,train/val/test
285,METABatt_Sony_Murata_18650VTC6_285,A完整,18,True,True,通过,未通过,无,train/val/test
288,METABatt_Sony_Murata_18650VTC6_288,A完整,27,True,True,通过,未通过,无,train/val/test
289,METABatt_Sony_Murata_18650VTC6_289,B受限,4,True,False,未通过,通过,合格 SOH 数量 < 5,仅train
290,METABatt_Sony_Murata_18650VTC6_290,A完整,23,True,True,通过,未通过,无,train/val/test
292,METABatt_Sony_Murata_18650VTC6_292,A完整,22,True,True,通过,未通过,无,train/val/test
295,METABatt_Sony_Murata_18650VTC6_295,A完整,21,True,True,通过,未通过,无,train/val/test
301,METABatt_Sony_Murata_18650VTC6_301,A完整,26,True,True,通过,未通过,无,train/val/test
302,METABatt_Sony_Murata_18650VTC6_302,A完整,26,True,True,通过,未通过,无,train/val/test
304,METABatt_Sony_Murata_18650VTC6_304,A完整,26,True,True,通过,未通过,无,train/val/test
305,METABatt_Sony_Murata_18650VTC6_305,A完整,22,True,True,通过,未通过,无,train/val/test
306,METABatt_Sony_Murata_18650VTC6_306,A完整,22,True,True,通过,未通过,无,train/val/test
307,METABatt_Sony_Murata_18650VTC6_307,A完整,26,True,True,通过,未通过,无,train/val/test
308,METABatt_Sony_Murata_18650VTC6_308,A完整,26,True,True,通过,未通过,无,train/val/test
309,METABatt_Sony_Murata_18650VTC6_309,A完整,26,True,True,通过,未通过,无,train/val/test
310,METABatt_Sony_Murata_18650VTC6_310,A完整,26,True,True,通过,未通过,无,train/val/test
312,METABatt_Sony_Murata_18650VTC6_312,A完整,27,True,True,通过,未通过,无,train/val/test
313,METABatt_Sony_Murata_18650VTC6_313,A完整,26,True,True,通过,未通过,无,train/val/test
314,METABatt_Sony_Murata_18650VTC6_314,A完整,26,True,True,通过,未通过,无,train/val/test
317,METABatt_Sony_Murata_18650VTC6_317,A完整,22,True,True,通过,未通过,无,train/val/test
318,METABatt_Sony_Murata_18650VTC6_318,A完整,25,True,True,通过,未通过,无,train/val/test
319,METABatt_Sony_Murata_18650VTC6_319,A完整,27,True,True,通过,未通过,无,train/val/test
320,METABatt_Sony_Murata_18650VTC6_320,A完整,26,True,True,通过,未通过,无,train/val/test
321,METABatt_Sony_Murata_18650VTC6_321,A完整,26,True,True,通过,未通过,无,train/val/test
322,METABatt_Sony_Murata_18650VTC6_322,A完整,26,True,True,通过,未通过,无,train/val/test
323,METABatt_Sony_Murata_18650VTC6_323,A完整,25,True,True,通过,未通过,无,train/val/test
324,METABatt_Sony_Murata_18650VTC6_324,A完整,27,True,True,通过,未通过,无,train/val/test
325,METABatt_Sony_Murata_18650VTC6_325,A完整,27,True,True,通过,未通过,无,train/val/test
326,METABatt_Sony_Murata_18650VTC6_326,A完整,27,True,True,通过,未通过,无,train/val/test
329,METABatt_Sony_Murata_18650VTC6_329,A完整,27,True,True,通过,未通过,无,train/val/test
330,METABatt_Sony_Murata_18650VTC6_330,A完整,27,True,True,通过,未通过,无,train/val/test
332,METABatt_Sony_Murata_18650VTC6_332,A完整,27,True,True,通过,未通过,无,train/val/test
333,METABatt_Sony_Murata_18650VTC6_333,A完整,26,True,True,通过,未通过,无,train/val/test
334,METABatt_Sony_Murata_18650VTC6_334,A完整,27,True,True,通过,未通过,无,train/val/test
335,METABatt_Sony_Murata_18650VTC6_335,A完整,26,True,True,通过,未通过,无,train/val/test
336,METABatt_Sony_Murata_18650VTC6_336,A完整,27,True,True,通过,未通过,无,train/val/test
337,METABatt_Sony_Murata_18650VTC6_337,A完整,27,True,True,通过,未通过,无,train/val/test
338,METABatt_Sony_Murata_18650VTC6_338,A完整,27,True,True,通过,未通过,无,train/val/test
339,METABatt_Sony_Murata_18650VTC6_339,A完整,26,True,True,通过,未通过,无,train/val/test
341,METABatt_Sony_Murata_18650VTC6_341,A完整,27,True,True,通过,未通过,无,train/val/test
342,METABatt_Sony_Murata_18650VTC6_342,A完整,27,True,True,通过,未通过,无,train/val/test
344,METABatt_Sony_Murata_18650VTC6_344,A完整,27,True,True,通过,未通过,无,train/val/test
345,METABatt_Sony_Murata_18650VTC6_345,A完整,26,True,True,通过,未通过,无,train/val/test
346,METABatt_Sony_Murata_18650VTC6_346,A完整,26,True,True,通过,未通过,无,train/val/test
347,METABatt_Sony_Murata_18650VTC6_347,A完整,26,True,True,通过,未通过,无,train/val/test
348,METABatt_Sony_Murata_18650VTC6_348,A完整,26,True,True,通过,未通过,无,train/val/test
349,METABatt_Sony_Murata_18650VTC6_349,A完整,26,True,True,通过,未通过,无,train/val/test
350,METABatt_Sony_Murata_18650VTC6_350,A完整,26,True,True,通过,未通过,无,train/val/test
351,METABatt_Sony_Murata_18650VTC6_351,A完整,26,True,True,通过,未通过,无,train/val/test
352,METABatt_Sony_Murata_18650VTC6_352,A完整,26,True,True,通过,未通过,无,train/val/test
353,METABatt_Sony_Murata_18650VTC6_353,A完整,27,True,True,通过,未通过,无,train/val/test
357,METABatt_Sony_Murata_18650VTC6_357,A完整,26,True,True,通过,未通过,无,train/val/test
358,METABatt_Sony_Murata_18650VTC6_358,A完整,26,True,True,通过,未通过,无,train/val/test
362,METABatt_Sony_Murata_18650VTC6_362,A完整,26,True,True,通过,未通过,无,train/val/test
503,METABatt_Sony_Murata_18650VTC6_503,A完整,19,True,True,通过,未通过,无,train/val/test
504,METABatt_Sony_Murata_18650VTC6_504,A完整,18,True,True,通过,未通过,无,train/val/test
505,METABatt_Sony_Murata_18650VTC6_505,A完整,19,True,True,通过,未通过,无,train/val/test
507,METABatt_Sony_Murata_18650VTC6_507,A完整,18,True,True,通过,未通过,无,train/val/test
508,METABatt_Sony_Murata_18650VTC6_508,A完整,19,True,True,通过,未通过,无,train/val/test
509,METABatt_Sony_Murata_18650VTC6_509,A完整,19,True,True,通过,未通过,无,train/val/test
511,METABatt_Sony_Murata_18650VTC6_511,A完整,19,True,True,通过,未通过,无,train/val/test
513,METABatt_Sony_Murata_18650VTC6_513,A完整,19,True,True,通过,未通过,无,train/val/test
514,METABatt_Sony_Murata_18650VTC6_514,A完整,19,True,True,通过,未通过,无,train/val/test
515,METABatt_Sony_Murata_18650VTC6_515,A完整,19,True,True,通过,未通过,无,train/val/test
516,METABatt_Sony_Murata_18650VTC6_516,A完整,19,True,True,通过,未通过,无,train/val/test
517,METABatt_Sony_Murata_18650VTC6_517,A完整,19,True,True,通过,未通过,无,train/val/test
519,METABatt_Sony_Murata_18650VTC6_519,A完整,19,True,True,通过,未通过,无,train/val/test
521,METABatt_Sony_Murata_18650VTC6_521,A完整,19,True,True,通过,未通过,无,train/val/test
523,METABatt_Sony_Murata_18650VTC6_523,A完整,19,True,True,通过,未通过,无,train/val/test
527,METABatt_Sony_Murata_18650VTC6_527,A完整,19,True,True,通过,未通过,无,train/val/test
529,METABatt_Sony_Murata_18650VTC6_529,A完整,19,True,True,通过,未通过,无,train/val/test
532,METABatt_Sony_Murata_18650VTC6_532,A完整,19,True,True,通过,未通过,无,train/val/test
533,METABatt_Sony_Murata_18650VTC6_533,A完整,19,True,True,通过,未通过,无,train/val/test
535,METABatt_Sony_Murata_18650VTC6_535,A完整,18,True,True,通过,未通过,无,train/val/test
536,METABatt_Sony_Murata_18650VTC6_536,A完整,19,True,True,通过,未通过,无,train/val/test
537,METABatt_Sony_Murata_18650VTC6_537,A完整,19,True,True,通过,未通过,无,train/val/test
538,METABatt_Sony_Murata_18650VTC6_538,A完整,19,True,True,通过,未通过,无,train/val/test
540,METABatt_Sony_Murata_18650VTC6_540,A完整,19,True,True,通过,未通过,无,train/val/test
541,METABatt_Sony_Murata_18650VTC6_541,A完整,19,True,True,通过,未通过,无,train/val/test
544,METABatt_Sony_Murata_18650VTC6_544,A完整,19,True,True,通过,未通过,无,train/val/test
545,METABatt_Sony_Murata_18650VTC6_545,A完整,19,True,True,通过,未通过,无,train/val/test
546,METABatt_Sony_Murata_18650VTC6_546,A完整,19,True,True,通过,未通过,无,train/val/test
548,METABatt_Sony_Murata_18650VTC6_548,A完整,19,True,True,通过,未通过,无,train/val/test
549,METABatt_Sony_Murata_18650VTC6_549,A完整,19,True,True,通过,未通过,无,train/val/test
550,METABatt_Sony_Murata_18650VTC6_550,A完整,19,True,True,通过,未通过,无,train/val/test
572,METABatt_Sony_Murata_18650VTC6_572,A完整,19,True,True,通过,未通过,无,train/val/test
