seed,epoch,train_SOH_MSE_std,val_SOH_MSE_std,is_best_so_far
42,1,0.13025588927141288,0.17520118552032193,True
42,2,0.1221672271057117,0.16195337577888974,True
42,3,0.13766995775026336,0.11988768332674424,True
42,4,0.09639905361975692,0.10779918428634229,True
42,5,0.09662592645877167,0.09125935995326662,True
42,6,0.11422755040983856,0.07783795267433559,True
42,7,0.07700138341519881,0.09847367854276813,False
42,8,0.08095528090763317,0.08226355469118793,False
42,9,0.06489506779578907,0.05693109518091484,True
42,10,0.06237528575167415,0.05584484572857168,True
42,11,0.06159564370541352,0.045494710570735876,True
42,12,0.07470217508818948,0.061007589011754154,False
42,13,0.1041890896515107,0.07727240363636766,False
42,14,0.05505946478435796,0.05281794107212401,False
42,15,0.05541966631951848,0.050813023777526674,False
42,16,0.07238478184497475,0.09866857384626959,False
42,17,0.06040656433904881,0.07669441361441713,False
42,18,0.050637964362661304,0.05201141495719057,False
42,19,0.06223697514151592,0.048274751876416166,False
42,20,0.09068728766843667,0.08917560174025797,False
42,21,0.07300920043701167,0.0861519297804357,False
42,22,0.06053381105104728,0.048594431574611144,False
42,23,0.06005232923104575,0.061292942196941085,False
42,24,0.04776744383069574,0.04949255076059762,False
42,25,0.06455673117576784,0.058091783091380876,False
42,26,0.05018411227632563,0.043241512379257344,True
42,27,0.044976322968961216,0.040869969255614494,True
42,28,0.04550467801918196,0.0432076987182986,False
42,29,0.04145066442189,0.04719467105462112,False
42,30,0.07493701383125195,0.10270324430436886,False
42,31,0.05110697807971392,0.0463223529366208,False
42,32,0.03738764782779337,0.037425487783380146,True
42,33,0.04301231626801859,0.046351582622239956,False
42,34,0.05241705597846934,0.07039431430782075,False
42,35,0.039318186432604776,0.03606365814669975,True
42,36,0.04262041366615769,0.04382338624706441,False
42,37,0.05016868805137976,0.06744791589834899,False
42,38,0.05392291142068316,0.03685946334884966,False
42,39,0.04435232528389174,0.04135644111748549,False
42,40,0.03777307915382464,0.04186054298884919,False
42,41,0.03604296803755048,0.04432133677502773,False
42,42,0.03976609700591052,0.04128816840871943,False
42,43,0.03415084325325578,0.05377694559241349,False
42,44,0.046841579959777356,0.03821364342265979,False
42,45,0.05225107124158603,0.0490644518342263,False
42,46,0.04086422664080787,0.04942873237356318,False
42,47,0.04204761356789993,0.053049162435387556,False
42,48,0.04601562504861293,0.047543845508033776,False
42,49,0.03840064730681614,0.04535820260869052,False
42,50,0.03796398556336472,0.04046761953578615,False
42,51,0.040478132710389074,0.04806674715255323,False
42,52,0.04004169720274471,0.0408536329010102,False
42,53,0.02879513174890955,0.03631804140672943,False
42,54,0.04550399865346068,0.03455220248403866,True
42,55,0.03990908340364708,0.03838312373780772,False
42,56,0.035671416193040595,0.03575007504927068,False
42,57,0.035554167405637244,0.04764556308527367,False
42,58,0.04635936585685279,0.05560210536253776,False
42,59,0.03859761672795656,0.049650140399299,False
42,60,0.03257871224826668,0.04065697142724904,False
42,61,0.03186582242470488,0.0489303554292892,False
42,62,0.03151446280537412,0.04795626499141451,False
42,63,0.0369312129937838,0.05013725764801855,False
42,64,0.032914332181859345,0.05210454658439152,False
42,65,0.0320888798743949,0.05893748188306918,False
42,66,0.03613010018535938,0.04802531850301967,False
42,67,0.04100412841298862,0.06424145540081842,False
42,68,0.033619696200321215,0.061190054856038165,False
42,69,0.03750780790526773,0.03907344564570401,False
42,70,0.030975721821717202,0.054502925123693,False
42,71,0.04700366945046784,0.07643375223857038,False
42,72,0.027181750341956325,0.03966087156912351,False
42,73,0.028432683722399262,0.03436647225002508,True
42,74,0.03444273112847718,0.036105178994354524,False
42,75,0.03324062231483771,0.044694652730244526,False
42,76,0.03579750969826908,0.05679715436030731,False
42,77,0.03395898948232862,0.05673149777323098,False
42,78,0.023965761217134764,0.037803361783214924,False
42,79,0.03779255801798924,0.04853680198646384,False
42,80,0.030881028995781625,0.05368957058540644,False
42,81,0.026094725892451757,0.0460645208906191,False
42,82,0.03281512790706196,0.04486683560282082,False
42,83,0.02678626766774348,0.04497127014344553,False
42,84,0.03185266970651323,0.0703410814175793,False
42,85,0.033387050980768274,0.050738516170812875,False
42,86,0.04317045410126002,0.04827988327810051,False
42,87,0.027823025366802503,0.050769027986555304,False
42,88,0.02963845599307223,0.05106274815124327,False
42,89,0.024587566070753793,0.039867401123046875,False
42,90,0.025247732621023818,0.05235768805097597,False
42,91,0.03702097852773718,0.05069221542681092,False
42,92,0.03607106489422794,0.050772272207945855,False
42,93,0.02812463950810385,0.050242605526281625,False
42,94,0.023605967389180364,0.04687718970537906,False
42,95,0.02260720866340758,0.050411961950204164,False
42,96,0.03171036881863239,0.0666420870317073,False
42,97,0.022985095093635506,0.05036026761611063,False
42,98,0.03234401146127755,0.06046016266698924,False
42,99,0.04206103218870059,0.06664628780860556,False
42,100,0.02209702146422764,0.04673631673853203,False
42,101,0.02688277169673573,0.054479702721909815,False
42,102,0.027573978009039362,0.037956404902063465,False
42,103,0.030012553129667274,0.05396090965616739,False
42,104,0.02472221562076614,0.05179651266138359,False
42,105,0.029678226232541346,0.06203736711484788,False
42,106,0.02973369436413084,0.06544371313919113,False
42,107,0.0268855032033567,0.04829150888494855,False
42,108,0.02404100022806919,0.04279692151395216,False
42,109,0.028766946308667555,0.046632524703564604,False
42,110,0.023666150924511662,0.05579592310049743,False
42,111,0.024210989066977575,0.04902263422386884,False
42,112,0.041811489181587426,0.06336379267297843,False
42,113,0.019560286943004265,0.04915160787069545,False
42,114,0.022704182735563228,0.04736976681158982,False
42,115,0.020505079524863384,0.05249513816257258,False
42,116,0.023732901779971786,0.05603283769774653,False
42,117,0.022006629886862496,0.05834759830348081,False
42,118,0.02865562580077382,0.05291794145935612,False
42,119,0.026291595336371758,0.04714136901578874,False
42,120,0.023105036666109326,0.0514596668254933,False
42,121,0.020373336184195505,0.051309896739948194,False
42,122,0.021439259346697118,0.05713434017676961,False
42,123,0.032869053962186416,0.08037733671528335,False
42,124,0.038758516889768044,0.038018442712881774,False
42,125,0.022820557216013063,0.05446621298429829,False
42,126,0.019462858103623835,0.05072948075493297,False
42,127,0.02520238382820239,0.05401455167557177,False
42,128,0.025118935392815216,0.04970537859867707,False
42,129,0.021888375470071927,0.05348759331371849,False
42,130,0.02699762282007515,0.08061285105356637,False
42,131,0.022350555424243024,0.05168532748957055,False
42,132,0.023189317783627202,0.05269618192828314,False
42,133,0.022453763801065486,0.05519586891566158,False
42,134,0.02070307231573521,0.05125012354548244,False
42,135,0.02336804867930137,0.05603022733843939,False
42,136,0.029227080029760533,0.04882587767079517,False
42,137,0.024504483177606236,0.054385176598125355,False
42,138,0.033401227760750433,0.06208075209326614,False
42,139,0.025832752153580964,0.04469337636250383,False
42,140,0.02290525478431298,0.05949193257219482,False
42,141,0.02327756458545048,0.06345164019535675,False
42,142,0.02294560216731077,0.04999173443843231,False
42,143,0.0217600047865805,0.05599069739396478,False
42,144,0.018143373686971196,0.04826853426561615,False
42,145,0.03651911853809256,0.1045184178654881,False
42,146,0.026982452310746356,0.05346497596210584,False
42,147,0.021906170773884688,0.05258246707051902,False
42,148,0.022740303865565515,0.04483059309760609,False
42,149,0.0282740146240835,0.04061893682105303,False
42,150,0.017747638866933847,0.04963579206668358,False
42,151,0.02246825006650033,0.05157165873086705,False
42,152,0.01873213898095602,0.051707627910141496,False
42,153,0.018275668379306734,0.045521857155053636,False
42,154,0.02933423599607491,0.07027902631961327,False
42,155,0.01993522800347048,0.06231579967856047,False
42,156,0.031160328653601896,0.0607278253376664,False
42,157,0.021877910287429296,0.0454892910499227,False
42,158,0.025542282661920473,0.06604715560498195,False
42,159,0.016695816560467504,0.04419646018221299,False
42,160,0.017594365398935174,0.05394045319802091,False
42,161,0.01900549152175562,0.05374932073034189,False
42,162,0.017410714587616026,0.057978621422344105,False
42,163,0.020593464873542165,0.05287018859494489,False
42,164,0.01735277139950006,0.055578387395853,False
42,165,0.018318711400008833,0.050538722842121415,False
42,166,0.021339246966306753,0.04549271390517313,False
42,167,0.028321542812281178,0.04048125333296208,False
42,168,0.025706119146086934,0.04381346342426773,False
42,169,0.01813586114915055,0.043879612695054346,False
42,170,0.019061743941977436,0.05816610053946965,False
42,171,0.02373018428332768,0.056084076803616524,False
42,172,0.018185773970445733,0.0449889837074856,False
42,173,0.022679859423954302,0.042025517120822316,False
42,174,0.02378291283989989,0.04033252335747203,False
42,175,0.026290670812934916,0.06229784985683476,False
42,176,0.017479252052715614,0.05301657039953503,False
42,177,0.016645645702405745,0.052107047458429714,False
42,178,0.01942729630928807,0.05003073424370987,False
42,179,0.020429555858206345,0.04382871645094765,False
42,180,0.02125182926816226,0.050879769454909955,False
42,181,0.018019382556005208,0.04067521513048616,False
42,182,0.01637106062123226,0.05028001491396809,False
42,183,0.0325090154153832,0.0561182995937382,False
42,184,0.0353875286897859,0.056023162657400635,False
42,185,0.021170183916796974,0.04379200143036165,False
42,186,0.025029613519382068,0.049179152059410994,False
42,187,0.021311797066729404,0.043181684442157114,False
42,188,0.02600893765589303,0.06513845668458507,False
42,189,0.015435142971485719,0.05283801721302044,False
42,190,0.02186376426187827,0.057626482223095854,False
42,191,0.028069205169253722,0.043105272368001796,False
42,192,0.016733445366533813,0.053547182111941795,False
42,193,0.017706741600784046,0.04160889109816076,False
42,194,0.016154156589692045,0.04646357164642242,False
42,195,0.020886931740673655,0.05447101881136707,False
42,196,0.020118177809561922,0.05131686346048315,False
42,197,0.019247486189649443,0.053199514521572885,False
42,198,0.016783657629985016,0.055784064117155044,False
42,199,0.03404886412530661,0.03519104614718803,False
42,200,0.024031115547973783,0.060078266524116075,False
43,1,0.11238034475094243,0.13243188310605883,True
43,2,0.09399717096611535,0.10654383771729253,True
43,3,0.08951816522715782,0.1212692606485142,False
43,4,0.07793592455939961,0.08508827463017489,True
43,5,0.07834390875795195,0.0923505535298604,False
43,6,0.07596477965709034,0.08883740750684478,False
43,7,0.07080619146419662,0.0902005797786655,False
43,8,0.08015680475997432,0.07776857935049743,True
43,9,0.07886900529010893,0.10986681935290195,False
43,10,0.07870196555132959,0.06164822189469352,True
43,11,0.06213968513594233,0.06196987232772965,False
43,12,0.07829529737910962,0.08146440442595237,False
43,13,0.09191023549556049,0.07680476900313916,False
43,14,0.05367860848250546,0.06887382899166233,False
43,15,0.08085702617167709,0.07317629465523803,False
43,16,0.06882019453477951,0.04942259543611924,True
43,17,0.07398650894296024,0.09080838436806671,False
43,18,0.05329426849991261,0.04505380474908834,True
43,19,0.04899890182414906,0.05233869523800392,False
43,20,0.04631650499960885,0.06689339029824985,False
43,21,0.04605322387670466,0.05429387164620114,False
43,22,0.07875251732884653,0.056581998519666964,False
43,23,0.0586313080810024,0.06333677862345992,False
43,24,0.05611744314217458,0.047390787983228794,False
43,25,0.05155901531702303,0.051830614441471155,False
43,26,0.0651016658013997,0.09504262918431954,False
43,27,0.05284765967289054,0.05739319792686993,False
43,28,0.05034804321811922,0.057712111228182233,False
43,29,0.05055714262914049,0.058849288617736265,False
43,30,0.05086895805913479,0.07813395474252384,False
43,31,0.07270378361664172,0.06195423898379968,False
43,32,0.04829274963477213,0.04617506931915744,False
43,33,0.046813877846857546,0.0479510269856525,False
43,34,0.04919889721461686,0.05952897316739639,False
43,35,0.06541471525716301,0.05314261099363022,False
43,36,0.048845414054142895,0.04465584020240069,True
43,37,0.05044415888380111,0.062365252445831756,False
43,38,0.0435287810339987,0.059205403860962284,False
43,39,0.042331609943866366,0.06283149258247675,False
43,40,0.054765660141748225,0.06151960551558665,False
43,41,0.04935285366054771,0.06380452274195737,False
43,42,0.04698167996469094,0.06843073058344447,False
43,43,0.03857703215590738,0.04223393385503948,True
43,44,0.04126921770064126,0.06275930721594128,False
43,45,0.045020096753432236,0.05645349738821162,False
43,46,0.03577411141648171,0.05100994743969505,False
43,47,0.05103666072301197,0.0585319311597196,False
43,48,0.03518748812980235,0.05080010451579022,False
43,49,0.03931954617681675,0.07271705005104089,False
43,50,0.045619128052075415,0.05593817903916281,False
43,51,0.04943076648400563,0.05784250818350524,False
43,52,0.0377870139325559,0.05275618561805195,False
43,53,0.06251545081014294,0.06199586643553212,False
43,54,0.033288562092524246,0.04905395853555455,False
43,55,0.03602115960118538,0.07274586196392324,False
43,56,0.044055046774682353,0.042720273182111204,False
43,57,0.04357409351903672,0.06028950394460442,False
43,58,0.03157545952702495,0.04698519980439247,False
43,59,0.04417864373579335,0.0703679283580031,False
43,60,0.030215932351534032,0.051998726190757176,False
43,61,0.07197014736359929,0.07890406836195654,False
43,62,0.03910609678613686,0.05602420564864698,False
43,63,0.04321603453132536,0.06669328580089927,False
43,64,0.03367037183953719,0.04907543493541706,False
43,65,0.03145050933718519,0.06142763788966614,False
43,66,0.03807002756772382,0.05272154793638477,False
43,67,0.03458615379351726,0.06677652917959899,False
43,68,0.03235985838241684,0.048131441421739286,False
43,69,0.03921332162077122,0.06200722409159035,False
43,70,0.03835686344528948,0.06903253653258355,False
43,71,0.030815104999028085,0.05261537027503068,False
43,72,0.034140650843174664,0.07727269751787906,False
43,73,0.03694121827783664,0.04598231474078314,False
43,74,0.03402974320761105,0.04951381971468738,False
43,75,0.037512956656161264,0.07409792436213652,False
43,76,0.034979807710003634,0.07698804158098388,False
43,77,0.04122072565979459,0.05864696560309372,False
43,78,0.02983770500624268,0.052127745936644404,False
43,79,0.03315445467797792,0.04633753105232723,False
43,80,0.02560344643988574,0.04670495209016829,False
43,81,0.027600063066798696,0.050560884965510526,False
43,82,0.031181602702186974,0.06452907896474049,False
43,83,0.03243417965546948,0.07219249460272198,False
43,84,0.0318174966637161,0.04901399065000413,False
43,85,0.028987970404330477,0.06345625010141794,False
43,86,0.028170489891855846,0.04685516587917178,False
43,87,0.028195099834087738,0.0528719230721004,False
43,88,0.03354268237851097,0.07327371349507589,False
43,89,0.02548484531836661,0.061855777152715494,False
43,90,0.026217483909141196,0.07145836706247935,False
43,91,0.022363698284812397,0.059203173818905185,False
43,92,0.03577886150757586,0.05935808971209108,False
43,93,0.024078594127349782,0.05622754860500555,False
43,94,0.023871360203825638,0.04923274797975477,False
43,95,0.024238528394093968,0.03813393526567073,True
43,96,0.025911781994181884,0.05156756743923775,False
43,97,0.03517940467698492,0.05800364168749115,False
43,98,0.02249305822458556,0.05189254852940309,False
43,99,0.0289370217899991,0.06600350555696516,False
43,100,0.021570592836463627,0.06123174569397895,False
43,101,0.035739836565116714,0.06273445982227152,False
43,102,0.02609454074132383,0.059353923509488295,False
43,103,0.03569898313500294,0.05479293431400172,False
43,104,0.021767641641846417,0.05308218088755075,False
43,105,0.02230506467490908,0.05088672465067976,False
43,106,0.036461195385931455,0.07848688338818507,False
43,107,0.03009951386625327,0.04844460962762285,False
43,108,0.029605868888172644,0.05365365941718986,False
43,109,0.023437943204773992,0.05508042534312453,False
43,110,0.02530551813782189,0.056756137721127975,False
43,111,0.019748733571956497,0.05818997985286655,False
43,112,0.02272071579109937,0.05820717480247475,False
43,113,0.0306042085637219,0.03440550951078939,True
43,114,0.020725188313291107,0.06330032579128116,False
43,115,0.020697326132165798,0.056104902054247896,False
43,116,0.019118008819263014,0.061503730151588464,False
43,117,0.02984695874787417,0.06373699914292627,False
43,118,0.043536029087087515,0.051542063133954284,False
43,119,0.020429500375322082,0.05665247245857723,False
43,120,0.02110516970768534,0.05301073310598506,False
43,121,0.030104134187826818,0.06440528569985013,False
43,122,0.03143905170803718,0.05931941836262038,False
43,123,0.0251567743991729,0.06212887375016227,False
43,124,0.020914934814903606,0.05344655362500885,False
43,125,0.02209156527029974,0.04939060845043724,False
43,126,0.023791768968260397,0.07165992944262178,False
43,127,0.02770222383494183,0.06033034194992388,False
43,128,0.04092393537295953,0.06891081196303814,False
43,129,0.020537898165729946,0.05881463941130393,False
43,130,0.02616996736779175,0.06541480902818755,False
43,131,0.018201295421255124,0.05239974768140165,False
43,132,0.022977699361886997,0.06113990484047512,False
43,133,0.030634092587062,0.055170733402863006,False
43,134,0.02035921664256459,0.06045000934888949,False
43,135,0.029003413922533645,0.055322958263385694,False
43,136,0.01953286914821726,0.04826387249811178,False
43,137,0.025491485152785303,0.06264789731120775,False
43,138,0.018777366950386645,0.05995248523723683,False
43,139,0.033723047985292354,0.06425472616789205,False
43,140,0.026964395526751016,0.0627620212981348,False
43,141,0.02519082466892087,0.044186278052200365,False
43,142,0.02137697958123775,0.062160117388491906,False
43,143,0.01958444564582483,0.05256607885447154,False
43,144,0.018121778776157043,0.06068407156676324,False
43,145,0.027820548774242428,0.050338866127221604,False
43,146,0.020767269287449666,0.06575251345908173,False
43,147,0.020183179409694378,0.06004106458220237,False
43,148,0.026531708886360528,0.061526699008538285,False
43,149,0.021095561057893057,0.06365452792349179,False
43,150,0.02466063897047075,0.05829299396618615,False
43,151,0.021559747493942873,0.053871771360091934,False
43,152,0.021474261889763813,0.05279143411227223,False
43,153,0.023041592654693393,0.0726118519947248,False
43,154,0.01757723217624574,0.05242202505244229,False
43,155,0.023785944160025666,0.060759518441837,False
43,156,0.03379883063396742,0.06061215703220886,False
43,157,0.01747693844851284,0.058337577520180324,False
43,158,0.021542490662746754,0.05197463943158752,False
43,159,0.02291423045322303,0.060356624176855174,False
43,160,0.02003286199617471,0.05826005042499646,False
43,161,0.021119312644289664,0.05963094428946965,False
43,162,0.03536736475463234,0.054244793433797324,False
43,163,0.023845866097017956,0.04331914895971016,False
43,164,0.01961991629091355,0.06010991352922607,False
43,165,0.019045724309894495,0.05502832187986806,False
43,166,0.01705841589472788,0.05660535921863199,False
43,167,0.016545707068508032,0.05866775051704706,False
43,168,0.02065749121049026,0.05889014967258603,False
43,169,0.017331604265605868,0.04878092532431611,False
43,170,0.017787068748362715,0.05444069715424967,False
43,171,0.015114586278061674,0.05279950721026187,False
43,172,0.016816076716439223,0.05605576045563574,False
43,173,0.025853104767675904,0.052558824014807756,False
43,174,0.015475161727688947,0.054462525059449346,False
43,175,0.01931849322544119,0.04511551698529108,False
43,176,0.029498471140040745,0.06890814397990523,False
43,177,0.019564040097648644,0.05273729076558369,False
43,178,0.032815598929235794,0.06398362335481672,False
43,179,0.017516921994099523,0.05116899496118828,False
43,180,0.017538737148501713,0.05562330516803661,False
43,181,0.026674304000634922,0.07643992951269236,False
43,182,0.015361765667042624,0.05400649010234729,False
43,183,0.02535632185860945,0.052013080285755166,False
43,184,0.01664889211787505,0.055406011483460395,False
43,185,0.02005782691408536,0.055977576448838155,False
43,186,0.022077470406483488,0.05980275548836976,False
43,187,0.017465274062489457,0.05156438084167296,False
43,188,0.033999181033872956,0.05590737334190899,False
43,189,0.020010066008356395,0.06326081313395428,False
43,190,0.020764913923388154,0.044870477428609154,False
43,191,0.021984000854081677,0.048792513475677396,False
43,192,0.01787286633615901,0.05777357856312547,False
43,193,0.016994200676284526,0.045419462497861,False
43,194,0.019338505937242113,0.06132547660896785,False
43,195,0.02901887587314011,0.06718298459701308,False
43,196,0.014990383039421925,0.05283735453902415,False
43,197,0.015192345650074247,0.056293631608392534,False
43,198,0.02850051381870334,0.07312379934996636,False
43,199,0.01861344551174604,0.06322370915254437,False
43,200,0.01891363144562319,0.059745713663245256,False
44,1,0.12339526517941603,0.14168187858835088,True
44,2,0.09159742167748025,0.09992359772189506,True
44,3,0.09530035180390102,0.09979484304560636,True
44,4,0.08334925639785289,0.11978192055693566,False
44,5,0.09021232207434715,0.12100183999790526,False
44,6,0.07310191853138959,0.07866059617333541,True
44,7,0.06721727398931943,0.08677649714075186,False
44,8,0.07557555502010752,0.06290676658607322,True
44,9,0.1011973315398143,0.0794390191484434,False
44,10,0.0674706696050332,0.07932709639166056,False
44,11,0.055036510568198575,0.046898959986752975,True
44,12,0.062097938038099786,0.04898177316901907,False
44,13,0.10301609417744811,0.11723577724122569,False
44,14,0.07849828668475292,0.07941203967322036,False
44,15,0.0735877972222735,0.05844692449195147,False
44,16,0.06420730408926927,0.06257008785927765,False
44,17,0.06069268496509704,0.05218840653802693,False
44,18,0.05885257591650371,0.07124261193405106,False
44,19,0.060265996198354224,0.07460232299620291,False
44,20,0.05012680627208496,0.053974474304752405,False
44,21,0.05960842993354841,0.06741330126621212,False
44,22,0.06205601951215484,0.05935651658164771,False
44,23,0.049276361279948507,0.05317418885014929,False
44,24,0.0830239927741911,0.047911024525806624,False
44,25,0.04660979262343398,0.04361937197313568,True
44,26,0.05164852499166407,0.0505822979791647,False
44,27,0.0516678628445676,0.0483561801046043,False
44,28,0.04995841438486423,0.06064436298842877,False
44,29,0.04573765269262449,0.04224640941331754,True
44,30,0.05542321398324925,0.05229548313106295,False
44,31,0.05848297733283996,0.04751024505523036,False
44,32,0.041775556190382826,0.04931786413279185,False
44,33,0.04681305743611621,0.05276339435865512,False
44,34,0.0404236583419052,0.0534547477330326,False
44,35,0.048078166246182094,0.04369796799028748,False
44,36,0.04875241170915014,0.043657020499699065,False
44,37,0.04410059152150543,0.04746893741573092,False
44,38,0.06651160651138288,0.06369119972620846,False
44,39,0.055343659122985375,0.05663806650213605,False
44,40,0.03655110783896747,0.03951454738835914,True
44,41,0.05090466202941645,0.0513039441987467,False
44,42,0.04371465251104762,0.03905495127882482,True
44,43,0.03537352742274277,0.03897146299886559,True
44,44,0.03879028189597728,0.04590615044907861,False
44,45,0.05302123035649734,0.06417382231651836,False
44,46,0.03654264361861027,0.04749693395147871,False
44,47,0.04253695515371487,0.05402251528829246,False
44,48,0.061902411526419523,0.09031880081960442,False
44,49,0.03391499795243412,0.04355919253069829,False
44,50,0.04507361640107132,0.05149337676356566,False
44,51,0.03693387431548455,0.05151570023366692,False
44,52,0.04425163733566539,0.0332758923671757,True
44,53,0.04485765036280112,0.03890427649921521,False
44,54,0.03782548510958029,0.05851346848594458,False
44,55,0.029186122858300037,0.0425811807914803,False
44,56,0.03529939479487253,0.03715835237070873,False
44,57,0.03461299670662728,0.05181030780527167,False
44,58,0.03974300387154685,0.074457842777863,False
44,59,0.03897372961327043,0.04254461847403258,False
44,60,0.03586297453913039,0.05797648357840823,False
44,61,0.031569037151078415,0.037509474509432233,False
44,62,0.037968447403404854,0.06211528605204695,False
44,63,0.02618157360397142,0.03931547723868102,False
44,64,0.029309908768424257,0.037581293964674106,False
44,65,0.029080747543165086,0.04346483063481726,False
44,66,0.041750303899151645,0.07960524083624433,False
44,67,0.02714330102387174,0.03964486655151736,False
44,68,0.037051471731878345,0.05457768051285758,False
44,69,0.02882802273527108,0.05246929963909967,False
44,70,0.03416594995811164,0.04206877820801519,False
44,71,0.025368250459292817,0.05158139139503871,False
44,72,0.03454468098739035,0.047203859173639305,False
44,73,0.028895343965584307,0.044156492296662575,False
44,74,0.025827082214668753,0.04142026238571121,False
44,75,0.024987968998201424,0.042796679493883945,False
44,76,0.027435700415163945,0.03926083544589962,False
44,77,0.029092504546951156,0.05920090920255264,False
44,78,0.038997975228586,0.06816503288522588,False
44,79,0.0554692288238742,0.058608611184664726,False
44,80,0.029532922888462956,0.05188870502022458,False
44,81,0.029313657736955073,0.05377113711077641,False
44,82,0.025988397156192753,0.054397508096839006,False
44,83,0.027045998443077954,0.03399334357224202,False
44,84,0.027203176069640275,0.04795426544466048,False
44,85,0.03226060363794378,0.04874461655170176,False
44,86,0.026626871704821035,0.04506766616037605,False
44,87,0.02703233582924656,0.036514060374833304,False
44,88,0.02962243161785254,0.048099307495301585,False
44,89,0.025623751014951592,0.04649554710733927,False
44,90,0.02468493792497533,0.044122710328808004,False
44,91,0.026989159241138566,0.04506882439927392,False
44,92,0.02449709296545102,0.038993074814718656,False
44,93,0.022482623644458646,0.0384376992631895,False
44,94,0.02753511311790623,0.06123488043010055,False
44,95,0.033029818446655736,0.0496404653589531,False
44,96,0.033571028950366344,0.05379855452707527,False
44,97,0.027235823721271184,0.04736618260962725,False
44,98,0.021552561270426634,0.0565152240303708,False
44,99,0.03726553999218667,0.04638945011934125,False
44,100,0.02217864630701234,0.048438409303970566,False
44,101,0.026472360261252638,0.04544669551791741,False
44,102,0.02240490265640677,0.05223194710077476,False
44,103,0.027842724373278196,0.043465337724483986,False
44,104,0.020611637231406854,0.041329533672044644,False
44,105,0.02176827101051775,0.06002460721756396,False
44,106,0.0237133468230654,0.05137099528240653,False
44,107,0.02222666597532596,0.050172609865125214,False
44,108,0.019144725406268426,0.05136067485521207,False
44,109,0.02235595868408968,0.042919317401067726,False
44,110,0.0197462540930036,0.04931562832835218,False
44,111,0.022645417499395384,0.04923514513090658,False
44,112,0.027562390509093808,0.05174757274616161,False
44,113,0.02059308106769416,0.047313914918467356,False
44,114,0.04393214372941318,0.04545781979748129,False
44,115,0.022299549385886012,0.048030432617556296,False
44,116,0.022143281327532224,0.041569758758083934,False
44,117,0.021514880796240844,0.03991542770063049,False
44,118,0.024641651231952805,0.04433779413966614,False
44,119,0.02340163824024402,0.044210900712949634,False
44,120,0.022841082895520948,0.04072190771650332,False
44,121,0.036429224922567595,0.07187317217224674,False
44,122,0.027298706962263927,0.03501451555695779,False
44,123,0.02261929203213653,0.04843751037228864,False
44,124,0.03317601775407356,0.06909372151078054,False
44,125,0.02906875699475271,0.04517665010204488,False
44,126,0.019309276905639456,0.03936629857181422,False
44,127,0.026392400495778012,0.05597175068005334,False
44,128,0.02618158783338165,0.04304681875914605,False
44,129,0.020990422832077357,0.046296646947947155,False
44,130,0.023773754737459834,0.05900212429081205,False
44,131,0.02225162063050657,0.04413400747984918,False
44,132,0.02897023579916445,0.054192113732283206,False
44,133,0.027799836998355164,0.06431889029788107,False
44,134,0.023143659842942896,0.05725412858576933,False
44,135,0.017698839484329747,0.03601469806313875,False
44,136,0.035053399586526056,0.04259353822091555,False
44,137,0.025953605286043156,0.04559862361573741,False
44,138,0.020560336494030565,0.05279361229288614,False
44,139,0.020657677323749127,0.04511468432100878,False
44,140,0.017289069553871432,0.04907525630155719,False
44,141,0.02705295854894357,0.0641185553052274,False
44,142,0.01697896136615371,0.051347438662433915,False
44,143,0.019242666521296716,0.04833207605828691,False
44,144,0.01651480127054834,0.044878628318763575,False
44,145,0.020881545512232605,0.04823419334665166,False
44,146,0.030604445518005226,0.05409771438091543,False
44,147,0.02859104706562967,0.05094849739189955,False
44,148,0.019599437198798596,0.04115958948509931,False
44,149,0.018045759426391,0.03756251147866609,False
44,150,0.027976165689382534,0.06715832736196835,False
44,151,0.026235747416252925,0.05663022389944947,False
44,152,0.022372393281559523,0.05233075467481354,False
44,153,0.015257901657062091,0.04344095420261164,False
44,154,0.02151019690650723,0.0445483400742453,False
44,155,0.018578675264223382,0.0511390593837035,False
44,156,0.016366441835692316,0.04587266812511801,False
44,157,0.023509029050905447,0.04051440720111582,False
44,158,0.032446315502533435,0.03644571275509376,False
44,159,0.016631979915230195,0.04001625787095361,False
44,160,0.021166977843309235,0.04194517222055856,False
44,161,0.02097346473409867,0.04781086855424495,False
44,162,0.02045064867170522,0.044108903660154776,False
44,163,0.023084633548579727,0.05392851354132246,False
44,164,0.02149901942625795,0.036672485559008275,False
44,165,0.023854433822409028,0.066440685998277,False
44,166,0.017304984685030594,0.040635826364384675,False
44,167,0.01827330123336107,0.05110922176672253,False
44,168,0.01615068864779345,0.04477638060232664,False
44,169,0.018411190261372244,0.045775341483401386,False
44,170,0.020921480090418238,0.04310116090803348,False
44,171,0.019511271469166716,0.05008866923813373,False
44,172,0.020301072740430744,0.05188521877876581,False
44,173,0.02053509853348656,0.05257319539695348,False
44,174,0.02552982610454285,0.04636668870816418,False
44,175,0.01936999731003583,0.04656690845316631,False
44,176,0.01884880910567658,0.04519493126076874,False
44,177,0.02130177095338567,0.05430023907894815,False
44,178,0.01590228823025093,0.025842021239128,True
44,179,0.04728462496939654,0.06014721919402615,False
44,180,0.017282770887708517,0.04822089664885645,False
44,181,0.02264063381811575,0.03370309812424766,False
44,182,0.021993432860009095,0.04466630468915957,False
44,183,0.01637238836193083,0.03343905422982853,False
44,184,0.017615252822797387,0.054339037200835535,False
44,185,0.01529574832670832,0.04046352824415685,False
44,186,0.026431105808210863,0.054950990705691795,False
44,187,0.018558827026174896,0.04761624408272458,False
44,188,0.014948129286801752,0.042194545088937996,False
44,189,0.02742919563354628,0.05261547399791706,False
44,190,0.01592901324012195,0.044534006147586326,False
44,191,0.0242354240870526,0.05465880333476916,False
44,192,0.01810344417263262,0.04113246018792927,False
44,193,0.01688322687311935,0.04148409805989337,False
44,194,0.030546553356588117,0.06157943633387816,False
44,195,0.0156544910856879,0.03379068633941005,False
44,196,0.015792466637965807,0.0313020717701523,False
44,197,0.016510236203985937,0.05089791519764327,False
44,198,0.01783506070055344,0.03856965494299943,False
44,199,0.0260417565415122,0.06087277807137757,False
44,200,0.018747911649217953,0.05285964919721252,False
45,1,0.11863609258195008,0.14151891840908823,True
45,2,0.09807562079880562,0.1271000542309349,True
45,3,0.08748215308545802,0.08534277025666481,True
45,4,0.08747418502083555,0.09905463042936297,False
45,5,0.09068671302307256,0.14251284873017372,False
45,6,0.0955892521443942,0.13052166480672323,False
45,7,0.07132869878383495,0.05909930687296427,True
45,8,0.06676744178733217,0.07039106432404763,False
45,9,0.09049316975021302,0.08486613478185187,False
45,10,0.062474079719823924,0.04613525125555402,True
45,11,0.07649241246768472,0.06303196010992966,False
45,12,0.05859199169726559,0.06374074469160097,False
45,13,0.06616309874943817,0.06216964836927339,False
45,14,0.056221779896036946,0.044381357751944274,True
45,15,0.060528172794938155,0.04879262872332893,False
45,16,0.05658330009073031,0.047875067258529434,False
45,17,0.0823374073573637,0.04606733005212513,False
45,18,0.0504421606559931,0.05042303724951614,False
45,19,0.0506465060598785,0.04194662434096783,True
45,20,0.057083136668367555,0.08424193621402061,False
45,21,0.045631271731222826,0.0421759786922766,False
45,22,0.045928399911692556,0.050673412772463886,False
45,23,0.04497959529444796,0.03260128447656545,True
45,24,0.049735824750244906,0.04446107743369849,False
45,25,0.0502305923157003,0.05075900720325482,False
45,26,0.05023492730637163,0.04767289982821646,False
45,27,0.06768374173910728,0.06194978466206807,False
45,28,0.05281462367482877,0.04501432954724822,False
45,29,0.05254497148962822,0.049071747010568115,False
45,30,0.04901988640635682,0.041666045289745504,False
45,31,0.048772547219242214,0.05010909688436733,False
45,32,0.04518919609384593,0.04894143072860119,False
45,33,0.04850933942084342,0.03836745870077358,False
45,34,0.040431662748070064,0.043983252026883496,False
45,35,0.04453252994473414,0.052057485205889466,False
45,36,0.04235760287336823,0.03655102317787009,False
45,37,0.04187867984904401,0.04561987528267944,False
45,38,0.044277201407959925,0.059900168565825036,False
45,39,0.05335697729137421,0.059390520401231474,False
45,40,0.041692851786043865,0.04323022387179003,False
45,41,0.053334735457218924,0.04298614663299837,False
45,42,0.039683443071247236,0.05767722576406427,False
45,43,0.04748177162518398,0.041896840236698395,False
45,44,0.037120977488932845,0.0422239361212693,False
45,45,0.03804323070186305,0.03557664462086657,False
45,46,0.05889756380894532,0.08682366800452287,False
45,47,0.043919778118728714,0.05918572532446363,False
45,48,0.035020770856803655,0.04434474645424465,False
45,49,0.04098772850287113,0.05798326590270074,False
45,50,0.05226413090314824,0.033537945358414666,False
45,51,0.06150133833129583,0.06883505968168784,False
45,52,0.041335194192609295,0.038251652098134206,False
45,53,0.041454489483162604,0.040484045207320386,False
45,54,0.03539010247445051,0.03617441402101085,False
45,55,0.03608848145603975,0.03924052016612626,False
45,56,0.04211132155766299,0.044813141721973246,False
45,57,0.031180703751177773,0.04222990018723594,False
45,58,0.04648305094578209,0.0452099797228672,False
45,59,0.035024741554317645,0.04899621369975571,False
45,60,0.033292334050920705,0.035377683956457406,False
45,61,0.04346857834044603,0.03283989609548332,False
45,62,0.03571989746477252,0.03789109405794173,False
45,63,0.03446706419643143,0.042115750269587304,False
45,64,0.03507853642204432,0.04903100696575245,False
45,65,0.03596030922471453,0.05833133109746743,False
45,66,0.031799682218561456,0.044931616307745524,False
45,67,0.03891531550425758,0.06025600721468738,False
45,68,0.03569219643214008,0.0489241608680195,False
45,69,0.03287328504271612,0.03864046886248171,False
45,70,0.03213739271077349,0.04293141264209575,False
45,71,0.02863566830178531,0.03209129633139988,True
45,72,0.02718199138107628,0.03469640898920618,False
45,73,0.04394785343717669,0.0574028787295984,False
45,74,0.04065785149510627,0.05871751445297748,False
45,75,0.02662183786949674,0.03552159081773095,False
45,76,0.030007118862197132,0.03740421018571652,False
45,77,0.032361590707615843,0.04018251989543258,False
45,78,0.030081156728609438,0.04928132486487443,False
45,79,0.0330399613660716,0.03163795240696103,True
45,80,0.02665547065881377,0.025601951737418277,True
45,81,0.03368106698835421,0.04755227011136058,False
45,82,0.037100357199882424,0.02959368380174896,False
45,83,0.030596802248533037,0.027712418593668867,False
45,84,0.027585817418496552,0.03380804263573039,False
45,85,0.03636727010417393,0.05854716113686922,False
45,86,0.029204886572224142,0.054922887565866337,False
45,87,0.026611240284133038,0.03427865353955963,False
45,88,0.027411792474049682,0.03365230272183606,False
45,89,0.028870346993521784,0.046565415996078996,False
45,90,0.028771253380662106,0.028430371126019344,False
45,91,0.02471487861276401,0.024412062953245963,True
45,92,0.030934909071174795,0.026488534633486653,False
45,93,0.02775959528096598,0.05348232649604359,False
45,94,0.02539713067623064,0.03441503184799701,False
45,95,0.03441364786815183,0.03659587756384536,False
45,96,0.02888120026940293,0.03884087876610886,False
45,97,0.031558827726471186,0.0720860691589171,False
45,98,0.02478202628815908,0.05192843088570678,False
45,99,0.02652208497750911,0.053422916331680156,False
45,100,0.03441515348491805,0.058634063628505005,False
45,101,0.023721646198321386,0.03223489490520558,False
45,102,0.026223893186603345,0.025236072136916424,False
45,103,0.026021102265608276,0.042098402616840835,False
45,104,0.025577018492162627,0.03370601388983136,False
45,105,0.038326757929279066,0.037315365771152464,False
45,106,0.023863758373501874,0.040603692437946974,False
45,107,0.0330413508519453,0.05034991837700328,False
45,108,0.024498115980713137,0.031240667821417403,False
45,109,0.050811229662531536,0.03790426398332025,False
45,110,0.026437173073442722,0.04092019994453361,False
45,111,0.024067042344405477,0.049266999581789324,False
45,112,0.02167155278079495,0.03394216785258037,False
45,113,0.05133414303518594,0.0841514379956571,False
45,114,0.040509865139182234,0.03919056319037953,False
45,115,0.027500348727566667,0.02622239323180968,False
45,116,0.03830223601358853,0.026872234402106246,False
45,117,0.0249201345132299,0.04238880364916476,False
45,118,0.024677413233921745,0.04447036351322047,False
45,119,0.030547158216239687,0.049588252410427684,False
45,120,0.029906267773698064,0.027869236073104996,False
45,121,0.030597208959849236,0.052246583552519,False
45,122,0.03233089581044637,0.03225315877678171,False
45,123,0.02172622700244271,0.0368341780141041,False
45,124,0.04079119030206667,0.04636905704740311,False
45,125,0.02971802341167681,0.04506170497560069,False
45,126,0.06221453764031032,0.07778806196598848,False
45,127,0.02432887961259806,0.04594549311611948,False
45,128,0.02081029097247616,0.04305229878497628,False
45,129,0.02805251793645416,0.052578848294261,False
45,130,0.037993763667903864,0.049603015634588604,False
45,131,0.027308960121630248,0.05752581339948487,False
45,132,0.023282414788800967,0.051636767891598614,False
45,133,0.022022559753816593,0.02983957330986092,False
45,134,0.02637496577163475,0.04248432378394366,False
45,135,0.023979490133603634,0.04240635010411012,False
45,136,0.02405222324918301,0.04399462120770688,False
45,137,0.032690067291597354,0.03754171792113889,False
45,138,0.026195014742011993,0.04501795696708011,False
45,139,0.025007428704144654,0.03636310611966873,False
45,140,0.02929189916260401,0.03222211105945968,False
45,141,0.023218303581776182,0.042006921912248044,False
45,142,0.022435276151203484,0.05074402500855599,False
45,143,0.027174504314406336,0.05293730882719564,False
45,144,0.023007802869238075,0.038518758698892736,False
45,145,0.028888402005170653,0.04241085628728492,False
45,146,0.024250195598992212,0.03317306841248112,False
45,147,0.024709689924996683,0.03646431948843319,False
45,148,0.02179832497656511,0.03616847588576579,False
45,149,0.02043278762227816,0.044393104368826417,False
45,150,0.032905164255555994,0.03895997568919939,False
45,151,0.025008717757051702,0.036665832888323736,False
45,152,0.020804727661303497,0.051942300940568356,False
45,153,0.028211382617422787,0.08184082630537788,False
45,154,0.024241656534975488,0.03548419583600093,False
45,155,0.022299374345572713,0.0429340201202116,False
45,156,0.017041684792133308,0.04203084732470556,False
45,157,0.022442099600716497,0.05793475240378942,False
45,158,0.020829222958038,0.05062998745736759,False
45,159,0.021831022034463812,0.04163767996151282,False
45,160,0.022865516092611032,0.050971374050728144,False
45,161,0.02690613925785096,0.06842267477260255,False
45,162,0.021920922790013127,0.03779266968234428,False
45,163,0.020703205798743657,0.041244042964140096,False
45,164,0.02560969009579012,0.039304903266653195,False
45,165,0.018908937090605656,0.0291083327232891,False
45,166,0.02369290839364232,0.0587927999813391,False
45,167,0.018344168979599743,0.052263893749778724,False
45,168,0.036007966389096764,0.029147151013515508,False
45,169,0.03983436063504071,0.04827784627585973,False
45,170,0.02417648635937447,0.0512879996861576,False
45,171,0.022067093081587313,0.041597418194451,False
45,172,0.024894766344298543,0.041858938165301646,False
45,173,0.020908344504909138,0.049461065102199775,False
45,174,0.02032030999157272,0.04262582196930024,False
45,175,0.01821145911932342,0.051240915258125234,False
45,176,0.026045081860158407,0.04727773579946097,False
45,177,0.0234649560099528,0.043687445879702844,False
45,178,0.041256615304468364,0.05510397620071457,False
45,179,0.017024693796028237,0.04439840864198806,False
45,180,0.033469543378710415,0.03967234447283327,False
45,181,0.024259874163632875,0.056507698358725926,False
45,182,0.02087825524384778,0.06263827989468762,False
45,183,0.02369301331655336,0.0404270725307868,False
45,184,0.026237832303363587,0.05090166650870055,False
45,185,0.01888789184351014,0.05621895113020145,False
45,186,0.03539132397563781,0.050131714235979986,False
45,187,0.01984217979690286,0.0473596077311075,False
45,188,0.02142603715252384,0.05508478170435234,False
45,189,0.021436576402369435,0.05699298316978616,False
45,190,0.01870353216112085,0.041504885855038,False
45,191,0.019357727186627385,0.03459527053141522,False
45,192,0.019503768704570892,0.042230620485058004,False
45,193,0.024070703117600033,0.03569596627687759,False
45,194,0.017957628333472992,0.05883422574968136,False
45,195,0.02616823262882565,0.05506766166571764,False
45,196,0.018124848834712808,0.04338773283713534,False
45,197,0.021096425000839598,0.03526332083065344,False
45,198,0.020009615123414363,0.061121257770457654,False
45,199,0.021577388806166605,0.04711935671434662,False
45,200,0.024169971466942188,0.04405586380972963,False
46,1,0.11969511989880524,0.1422553624271266,True
46,2,0.1047848120299324,0.12634127521803012,True
46,3,0.08643471499025641,0.13363410050775348,False
46,4,0.08708654982416725,0.07751544940867813,True
46,5,0.08110708778424694,0.07415434961232534,True
46,6,0.08233663555955412,0.1141208752404527,False
46,7,0.12114424776314832,0.0858666918429003,False
46,8,0.08840744163583267,0.09504794786343762,False
46,9,0.06206489515320601,0.06185185873256349,True
46,10,0.06202139164313196,0.05544600818092369,True
46,11,0.06280293384736259,0.059373331214005856,False
46,12,0.06740550143809151,0.0621951181002614,False
46,13,0.04977821232346333,0.04631509233457444,True
46,14,0.08369805495965464,0.05466382236999327,False
46,15,0.058458494104940945,0.05228803813277415,False
46,16,0.06566064524315939,0.054646177954544115,False
46,17,0.05322073273081558,0.04671314619819203,False
46,18,0.04934429434114276,0.04351583924538419,True
46,19,0.05690546548396719,0.04689223528628623,False
46,20,0.04766379316059175,0.0543383860516044,False
46,21,0.05266630399961189,0.04513692135537139,False
46,22,0.05308876853889802,0.04348630991587106,True
46,23,0.0530425209638623,0.04113682519273095,True
46,24,0.04539913623851473,0.04518114187926324,False
46,25,0.04666077307248386,0.056138295061278556,False
46,26,0.05565159044725038,0.044061280449351516,False
46,27,0.05009721828124387,0.04365937731417284,False
46,28,0.04387036867759007,0.04921799051797642,False
46,29,0.04551620765623514,0.05122073539434243,False
46,30,0.04797413109505049,0.042276489050366725,False
46,31,0.04876384729368395,0.049233739109557924,False
46,32,0.05156089832543099,0.05062449014438963,False
46,33,0.047600404530783146,0.04198233094460294,False
46,34,0.05178406655521515,0.06369908266557307,False
46,35,0.04170074493948887,0.04810825071306027,False
46,36,0.044964560259907464,0.04272609895089602,False
46,37,0.05577062690770108,0.05158083244392879,False
46,38,0.043531660810061525,0.05196997766408315,False
46,39,0.0475459696940653,0.042553259166706006,False
46,40,0.05495055230453513,0.05974291890769567,False
46,41,0.03882276971571555,0.05107599586878658,False
46,42,0.044129538783778295,0.06344911050940569,False
46,43,0.04259207404865227,0.04178989329727035,False
46,44,0.03661434413137709,0.044078406250368796,False
46,45,0.03826830163842022,0.043244428144841036,False
46,46,0.0345969380660425,0.0364643655874938,True
46,47,0.04771767917756547,0.04673550712378004,False
46,48,0.03700715935663425,0.04716908895717287,False
46,49,0.03764438738867077,0.04412829119633332,False
46,50,0.039309220013655354,0.040161622615019,False
46,51,0.03819423097515847,0.05282637143783339,False
46,52,0.03748567830284274,0.043750129077369714,False
46,53,0.04089846169033499,0.052321091159232794,False
46,54,0.03463923881116336,0.062266848238573334,False
46,55,0.03318317057307871,0.043381742840447095,False
46,56,0.03460103704768195,0.04396476630357817,False
46,57,0.03234008076815532,0.046602422016985105,False
46,58,0.03266657050110521,0.0475744783338103,False
46,59,0.044418631938687954,0.036664637193939115,False
46,60,0.033466546627780556,0.05656022247591048,False
46,61,0.030216553246701288,0.05601397165719116,False
46,62,0.037054395023266885,0.07674309422242317,False
46,63,0.05346693160709072,0.06136984695480669,False
46,64,0.032321126434148466,0.035059776190904696,True
46,65,0.03685652967254601,0.0625666938159401,False
46,66,0.02672567370760814,0.05599394161535534,False
46,67,0.03886639907926848,0.045200742623597114,False
46,68,0.0325636985156428,0.06917510363990807,False
46,69,0.03250389110599147,0.06127037670677162,False
46,70,0.033571058641389595,0.05164054801456878,False
46,71,0.036933253926702,0.06148692704399547,False
46,72,0.027742540682941862,0.041606738848268446,False
46,73,0.035427772095124106,0.04008336657843921,False
46,74,0.03484230058045806,0.048756775178938117,False
46,75,0.03577952824743848,0.055917901214876206,False
46,76,0.02811892755614055,0.059843996860469574,False
46,77,0.027413334162286446,0.07090540306805844,False
46,78,0.03254100248816541,0.05864995051726834,False
46,79,0.02529719659979528,0.03361562515673681,True
46,80,0.025531989759794496,0.05542481413780743,False
46,81,0.023918603803818664,0.04996224256440592,False
46,82,0.03069184117153553,0.0599329968593632,False
46,83,0.04681971781287447,0.06370950105327133,False
46,84,0.03344387605457437,0.06405621208813256,False
46,85,0.026106881691073124,0.06072637321725713,False
46,86,0.02494774216852259,0.05188708579072059,False
46,87,0.035891520424005965,0.07538677342348589,False
46,88,0.02945956398266417,0.05329137266222444,False
46,89,0.023788617044177195,0.06440662257260786,False
46,90,0.027249109939350764,0.0700627756262834,False
46,91,0.03369906325937721,0.07267495584631975,False
46,92,0.02688192093667103,0.06727012910871707,False
46,93,0.03788569776203217,0.06200614652604855,False
46,94,0.03443887689944552,0.06669820687561957,False
46,95,0.02159306578459863,0.0651694294909336,False
46,96,0.024255903196047042,0.06973945410230009,False
46,97,0.03883107476248024,0.07426475110010798,False
46,98,0.02636435790666152,0.06939969826320867,False
46,99,0.023406104148241284,0.0608841587769661,False
46,100,0.024250080565266546,0.07050630621319451,False
46,101,0.02081934857443161,0.06016843052429015,False
46,102,0.03142722114343285,0.07311756445201863,False
46,103,0.02416955488112423,0.05966431424697,False
46,104,0.02717694225293387,0.061601258476695266,False
46,105,0.025743458536414396,0.04987980015688432,False
46,106,0.02542763589856882,0.06389101034204765,False
46,107,0.02355290721814382,0.05822329794892372,False
46,108,0.02446576756868437,0.06169310509258166,False
46,109,0.02455923545001665,0.0711960634075983,False
46,110,0.037644425705113504,0.06506450226659861,False
46,111,0.022555233759192987,0.05404963306069734,False
46,112,0.022447446179235084,0.056989122373459926,False
46,113,0.024971935896285307,0.0644737946663018,False
46,114,0.02822739607161232,0.06452673367503187,False
46,115,0.03583774793848329,0.06553984696771444,False
46,116,0.024820486392237894,0.09884585930861735,False
46,117,0.023230692621193032,0.06902962652938244,False
46,118,0.022049736306929763,0.06739915461698688,False
46,119,0.023166172660433738,0.07798989517811201,False
46,120,0.02607682441664568,0.06548814110885574,False
46,121,0.025947985428578346,0.0698985304357062,False
46,122,0.02734489390617088,0.06505895885456005,False
46,123,0.02184714974592246,0.058972044653762865,False
46,124,0.017818040536689315,0.060689574642123774,False
46,125,0.026427061009734926,0.06936342982727235,False
46,126,0.026262266530102572,0.07178421827241373,False
46,127,0.027899992601219815,0.08702767363487773,False
46,128,0.023151983119556994,0.07987188932758804,False
46,129,0.028040460173911836,0.0782920860451874,False
46,130,0.020514013805263482,0.06814297448472315,False
46,131,0.01802408189047235,0.051771411722880474,False
46,132,0.026408359040985947,0.07212849758182768,False
46,133,0.020608041250135403,0.07308509918858277,False
46,134,0.020572058034007742,0.07942807062154811,False
46,135,0.021871191845224774,0.06878788881791682,False
46,136,0.02232763964268281,0.0859367393654999,False
46,137,0.022617289297504634,0.07548842185213486,False
46,138,0.016356691550097825,0.0645431334158445,False
46,139,0.018849900820463783,0.06794520375231601,False
46,140,0.018625968000412357,0.07745480033206076,False
46,141,0.022110272657365072,0.07263334568173503,False
46,142,0.019893408695168893,0.06466360178598825,False
46,143,0.03153006374170283,0.07344509251528276,False
46,144,0.020110963498574004,0.07714428858454495,False
46,145,0.01885535296331404,0.06441316863921474,False
46,146,0.021570540037418304,0.07120205052309526,False
46,147,0.023484140056941688,0.06640112147950694,False
46,148,0.01927399657680266,0.0708250063063515,False
46,149,0.02229867328970653,0.07244142953002561,False
46,150,0.021166192693822913,0.06676645077247274,False
46,151,0.021927502499687754,0.0693402247126369,False
46,152,0.020746888265172733,0.07797174367299613,False
46,153,0.02090821794249167,0.07962717246433039,False
46,154,0.028386578171394023,0.07919821494295518,False
46,155,0.021495048880659375,0.06691431350938504,False
46,156,0.021477418911453054,0.07625123453284319,False
46,157,0.01973285322942663,0.06934213782365228,False
46,158,0.02274007151938301,0.07908457499616456,False
46,159,0.02754835382888025,0.08025111172494571,False
46,160,0.01913270325101066,0.08087643971976197,False
46,161,0.02320994024169211,0.08870919449451826,False
46,162,0.016694458166614745,0.07438489101444487,False
46,163,0.024086278160790786,0.06495981706233184,False
46,164,0.025690220489310203,0.08668988276824491,False
46,165,0.03009346894946642,0.0714798837990199,False
46,166,0.023013115469342905,0.0864212289677646,False
46,167,0.030768153211661518,0.0807874973446941,False
46,168,0.01751628286908286,0.0732171557100878,False
46,169,0.02213003082645389,0.06388489069175143,False
46,170,0.014886147191151933,0.07064529488093903,False
46,171,0.017438330615135854,0.058746856505056885,False
46,172,0.018614700822552194,0.06803150695616385,False
46,173,0.023969732826141222,0.08639658901986759,False
46,174,0.017378294336476995,0.07640175372812323,False
46,175,0.021237334377307925,0.0854156643962572,False
46,176,0.02733224942942894,0.12257807060310848,False
46,177,0.016465374350697597,0.07999038696289062,False
46,178,0.024682808762961892,0.0824143850551271,False
46,179,0.017973346683535483,0.07358895615868698,False
46,180,0.021445507019920162,0.09652964082009123,False
46,181,0.021320076760499823,0.07712330774958401,False
46,182,0.021598726929296454,0.08441349386808736,False
46,183,0.021117345035876863,0.08826743295905813,False
46,184,0.016065894866399436,0.0748767391792597,False
46,185,0.01624380170536239,0.06850339422773379,False
46,186,0.01659774559152116,0.07706865155084616,False
46,187,0.015976660065816443,0.07408442309975984,False
46,188,0.021833376098804577,0.08758907951977318,False
46,189,0.022963396357077177,0.06866165230281403,False
46,190,0.022541041990223536,0.06983191729312217,False
46,191,0.022274156505381015,0.08311831194828644,False
46,192,0.017338829784575273,0.07372116826452157,False
46,193,0.020229439509311827,0.09708594699640649,False
46,194,0.02107273168244314,0.0610000345281964,False
46,195,0.018885941300261926,0.05712487258219647,False
46,196,0.020859114340835826,0.08365303800185281,False
46,197,0.018280230112169824,0.06177827886944451,False
46,198,0.02767429700536908,0.07823915279883993,False
46,199,0.016576878929431885,0.06887854838299247,False
46,200,0.02325723737498828,0.05963636092909153,False
