seed,epoch,train_R2_MSE_std,val_R2_MSE_std,is_best_so_far
42,1,0.33432129978143843,0.47931364489125355,True
42,2,0.28623391870840537,0.48353300226448487,False
42,3,0.3486907937353314,0.4186715969875945,True
42,4,0.27112046358360575,0.4883433494472342,False
42,5,0.3188023547895829,0.4139478101665479,True
42,6,0.23151919422936443,0.40487287613635187,True
42,7,0.2745549080965669,0.5452058164169199,False
42,8,0.22466135318789124,0.4059469868390932,False
42,9,0.2585412516418311,0.34942628189741587,True
42,10,0.23886265539038296,0.41487625152880225,False
42,11,0.22788441156501427,0.4109025377433911,False
42,12,0.24070565747960446,0.36662940093799085,False
42,13,0.19281064213501117,0.3607298833605355,False
42,14,0.1733931182000231,0.35396554015157206,False
42,15,0.18974507574041943,0.36199872742670774,False
42,16,0.17688718785710222,0.3422762834587916,True
42,17,0.20957943771946705,0.38448162902120075,False
42,18,0.18169282734357015,0.3530730781237866,False
42,19,0.25040452217609305,0.42968221195051476,False
42,20,0.1942246340075419,0.34250289144639684,False
42,21,0.1642788148878131,0.3589492758629133,False
42,22,0.17162357170613896,0.3790653928249756,False
42,23,0.21773156925577755,0.33819884872655975,True
42,24,0.16053587401337022,0.3382078273928923,False
42,25,0.17725409258006763,0.33661524212314253,True
42,26,0.1603171358169817,0.3595400389813243,False
42,27,0.1673792631217561,0.35174422465269495,False
42,28,0.16034090913969948,0.33223366576361163,True
42,29,0.16708366410637246,0.3523716476230898,False
42,30,0.17842982922360529,0.390513811720252,False
42,31,0.1907333456247858,0.34576923582758146,False
42,32,0.19718714067712306,0.34845933302664195,False
42,33,0.1530933819065495,0.3445303988556172,False
42,34,0.20870613991201312,0.41373074585400266,False
42,35,0.18435033496998535,0.33526467196164766,False
42,36,0.1641717166335312,0.34720596197226694,False
42,37,0.15388947166054742,0.3480937877471699,False
42,38,0.1499792911698565,0.3702373587512138,False
42,39,0.1418357265698516,0.34394562810031354,False
42,40,0.14646795207425445,0.36967248089022214,False
42,41,0.166021694813034,0.3138259508631502,True
42,42,0.18756320223592235,0.3292102692388855,False
42,43,0.14115716837472844,0.3287045997480675,False
42,44,0.135278719244428,0.3405555100233288,False
42,45,0.1337387076261635,0.3285857261426241,False
42,46,0.16827613006567976,0.34743311358250856,False
42,47,0.1265416424097686,0.3436172976437979,False
42,48,0.1536190951530215,0.37124637082286466,False
42,49,0.15875207562923344,0.32623114647934887,False
42,50,0.16517101209833615,0.35075571546556955,False
42,51,0.13898477118537741,0.3672254108209634,False
42,52,0.14631672284247513,0.3391801321539532,False
42,53,0.1520973097498011,0.3692073548401204,False
42,54,0.13840996937181743,0.34230284754792145,False
42,55,0.19014427881330012,0.48114095288646647,False
42,56,0.12585940493442882,0.33505854773455,False
42,57,0.1334742943239294,0.3940737726075226,False
42,58,0.1266815530087449,0.34976856460697303,False
42,59,0.12448434122538221,0.3490421886481306,False
42,60,0.1334038563380219,0.36853778142014487,False
42,61,0.11691552510677927,0.31928277615035244,False
42,62,0.12759647536851954,0.33680674627363677,False
42,63,0.14409256564248954,0.3595334421335445,False
42,64,0.1373434173059723,0.37554071085542656,False
42,65,0.1264034906836431,0.3610286878117733,False
42,66,0.1382416251286254,0.3141181557157377,False
42,67,0.11267534938104272,0.2951073160480722,True
42,68,0.11501790328395987,0.344326342351952,False
42,69,0.14896862962743165,0.3820721114752473,False
42,70,0.13054613135333112,0.39472862244115037,False
42,71,0.1223007852135854,0.3004796191214391,False
42,72,0.10926869312879278,0.37712130630544616,False
42,73,0.11744976814158135,0.36192321856031956,False
42,74,0.1143875103016595,0.35125653951041524,False
42,75,0.12350756724692304,0.3227775488353181,False
42,76,0.12681180000991946,0.3559330242153762,False
42,77,0.11708477647822409,0.28849291550676687,True
42,78,0.14524214546435132,0.3750805637440984,False
42,79,0.12189433652017301,0.3529391610323491,False
42,80,0.12703901534037643,0.3464666815391446,False
42,81,0.12011209023164666,0.33758750307375673,False
42,82,0.11157246624835941,0.3558423919968139,False
42,83,0.10702820991789562,0.3612645545903275,False
42,84,0.12339413016745576,0.38120613010655785,False
42,85,0.1049561565924525,0.27950301839941843,True
42,86,0.12680896324509408,0.37614589590566877,False
42,87,0.12922455036747177,0.38183593806143484,False
42,88,0.0994797971422625,0.3506634264819945,False
42,89,0.1179263631794259,0.3713132281200459,False
42,90,0.13856750457181446,0.32189853186696066,False
42,91,0.11752940264179228,0.35502516479977736,False
42,92,0.13668341046660118,0.37781093836309904,False
42,93,0.12073902295512502,0.3502776301721291,False
42,94,0.11774066620225426,0.35459662470758274,False
42,95,0.10443540688576713,0.3424984591566136,False
42,96,0.10092813012480599,0.3485957582106864,False
42,97,0.11272365871406269,0.3061972820224796,False
42,98,0.10430565680463068,0.36175027700797796,False
42,99,0.10583948812860933,0.3575901696898353,False
42,100,0.16558150594740262,0.4168995125816218,False
42,101,0.12158970997829749,0.3813757596190661,False
42,102,0.1021451652409131,0.3465238427464592,False
42,103,0.10316642319847386,0.3611071902446365,False
42,104,0.10881521406064638,0.3631084354754926,False
42,105,0.12734387805491854,0.3203185588927279,False
42,106,0.09452470749791424,0.32116944163690814,False
42,107,0.11898982678203203,0.3455430629576588,False
42,108,0.13317824846301995,0.369559605715262,False
42,109,0.10999293053303472,0.3446295635005072,False
42,110,0.10611383821250191,0.3429913626414612,False
42,111,0.11678872844070239,0.35819515743979097,False
42,112,0.11082057977811709,0.4239969514794386,False
42,113,0.09913935724993189,0.3066670724988088,False
42,114,0.10368687153785557,0.2873118935543781,False
42,115,0.09138200669040268,0.3597154158610994,False
42,116,0.09587247277207135,0.35602603621533163,False
42,117,0.09705915990998375,0.3569447870504639,False
42,118,0.10584341015947885,0.3178507472134247,False
42,119,0.10725885450088703,0.38528029544879794,False
42,120,0.09592618539966845,0.36658929921543254,False
42,121,0.10242946212901664,0.26585451922811476,True
42,122,0.09830000715118363,0.33966637169349867,False
42,123,0.09825292674409607,0.30690112455993407,False
42,124,0.10361566987996722,0.30667704681314073,False
42,125,0.0994645707136983,0.3240306284328415,False
42,126,0.08905143919769515,0.34128888768759286,False
42,127,0.10286336404273914,0.31793806226046933,False
42,128,0.10811616549989765,0.3057786315344704,False
42,129,0.09739521065644635,0.3368702524174956,False
42,130,0.09920810948609239,0.2915794491172607,False
42,131,0.10371248063724793,0.3184285765576745,False
42,132,0.09132252646653417,0.33537060561264687,False
42,133,0.08687824905333887,0.3446557570816228,False
42,134,0.09995720719998474,0.3553282737851858,False
42,135,0.09055618313844378,0.34502020434095493,False
42,136,0.10072870015458397,0.32999959024613496,False
42,137,0.09857040783652597,0.3493518104128453,False
42,138,0.09454352292468464,0.3539397043353482,False
42,139,0.08703264473081367,0.31787040401641425,False
42,140,0.0994790518656077,0.3236589200977901,False
42,141,0.10403608760197107,0.3303384970419028,False
42,142,0.08761334473158261,0.3210009702341947,False
42,143,0.09515021816207096,0.3348749048944509,False
42,144,0.09839982162785822,0.33202640268741207,False
42,145,0.1050920849260349,0.3364230136485869,False
42,146,0.09494584255662297,0.3623218601360645,False
42,147,0.09406781290003845,0.33019417656765865,False
42,148,0.10946284860829546,0.32413825819349035,False
42,149,0.10074045368097333,0.37112425432350404,False
42,150,0.1147209942309083,0.3571225099026383,False
42,151,0.09106523415387106,0.3866626215302486,False
42,152,0.09909797688188494,0.3672311327177526,False
42,153,0.08445259354262467,0.30442063941512526,False
42,154,0.0973952402494841,0.37863205995613747,False
42,155,0.0888385893791351,0.34819992806603595,False
42,156,0.09629588138200763,0.3286425998638664,False
42,157,0.10846065614335147,0.37197085148455405,False
42,158,0.10161582452455503,0.36417450430992265,False
42,159,0.09113449830112912,0.3520319713393966,False
42,160,0.08955892231351448,0.3343603058587093,False
42,161,0.0971570067359321,0.32152458364224706,False
42,162,0.10296849523148223,0.3861608234045393,False
42,163,0.08519349297732025,0.34442820241311756,False
42,164,0.09057128470933529,0.3415199993986057,False
42,165,0.10156277220435217,0.34235650094944453,False
42,166,0.08065032512888058,0.34308423973506114,False
42,167,0.10337108000087225,0.3626703561457461,False
42,168,0.09377058703126596,0.3207229662174447,False
42,169,0.08448274652001204,0.3577595354059386,False
42,170,0.0859980726824771,0.30335568007787933,False
42,171,0.08516158131361011,0.28706468622864006,False
42,172,0.09263751922123381,0.2879507904380501,False
42,173,0.09663289345984538,0.37037616243337196,False
42,174,0.09639128899030407,0.3609976321641893,False
42,175,0.08115911760334836,0.33692775087619803,False
42,176,0.08801044738351009,0.31703276464697056,False
42,177,0.10272069712087976,0.32614747611077316,False
42,178,0.09266781973013764,0.35484853011829953,False
42,179,0.09293727760338433,0.33151915767224627,False
42,180,0.0887725798639565,0.3572183043597936,False
42,181,0.09113915323305181,0.3518797777767945,False
42,182,0.08309863722428774,0.3140182329272249,False
42,183,0.07774762797028341,0.33282620974102123,False
42,184,0.1224959609437854,0.35571009159157346,False
42,185,0.09218859250713292,0.3776605789226612,False
42,186,0.08336123091875879,0.3213654871942439,False
42,187,0.09716555322568178,0.32055438777910195,False
42,188,0.09796707314000193,0.2917158295253319,False
42,189,0.09754867874214364,0.2969126484974496,False
42,190,0.08377123957877806,0.3482196033863057,False
42,191,0.10574722784136081,0.34903043474181183,False
42,192,0.09045631885224305,0.39240716809517884,False
42,193,0.09261041045006253,0.34718347342232475,False
42,194,0.0897715502457756,0.32674292340570144,False
42,195,0.09088644218886426,0.3744144371112685,False
42,196,0.07197916230815496,0.37612511311537383,False
42,197,0.08298298883839919,0.33614162682005366,False
42,198,0.09873326586054292,0.3525836610320376,False
42,199,0.09095310183175674,0.3748640929053771,False
42,200,0.08539075039860204,0.3617719875219654,False
43,1,0.37587227290312625,0.5293364786090738,True
43,2,0.3227840442347743,0.4511833075728168,True
43,3,0.275574413922368,0.424718123332995,True
43,4,0.3408118578129448,0.6054987874454544,False
43,5,0.25546684294997596,0.4442790534456844,False
43,6,0.24122938036485422,0.3701511001196323,True
43,7,0.23175064872233944,0.39077138445027776,False
43,8,0.22448830888736568,0.4034891277560102,False
43,9,0.2407362236239027,0.34637048628496564,True
43,10,0.2073603142787117,0.34731811243010796,False
43,11,0.22324544926401446,0.4053225338185107,False
43,12,0.22751183678675901,0.36850440818285285,False
43,13,0.20612830699099882,0.38869058397585193,False
43,14,0.1746070895274152,0.3450726378105542,True
43,15,0.1823098097689829,0.3510363507079528,False
43,16,0.17989237711865802,0.32370433042464003,True
43,17,0.19366436298726766,0.33730487382900715,False
43,18,0.19464721067475166,0.35965264922810936,False
43,19,0.18722956082311468,0.35230582220965223,False
43,20,0.1583708242337949,0.327421703600371,False
43,21,0.16962335489563307,0.2811625713673204,True
43,22,0.2057806736786958,0.34808425568412904,False
43,23,0.1819464553423522,0.4167016798731645,False
43,24,0.19091888889397923,0.3237996943295956,False
43,25,0.155429060566526,0.36407904277078673,False
43,26,0.17781542263699676,0.38797637071731383,False
43,27,0.17225915357409094,0.3572461639816298,False
43,28,0.19333543707701736,0.3519108049489483,False
43,29,0.16361453540690749,0.27515294193408624,True
43,30,0.19173992788661645,0.4015153797988147,False
43,31,0.18802484892800844,0.36037139609730606,False
43,32,0.16695327058909157,0.3408808846849089,False
43,33,0.16687299480101492,0.3801798769942724,False
43,34,0.1612267018975295,0.3190153542509456,False
43,35,0.1431055093734749,0.32817382505847675,False
43,36,0.15292905930118283,0.3294315805278032,False
43,37,0.1494515124850367,0.32907253184210167,False
43,38,0.16103720479327185,0.3882924877783854,False
43,39,0.13615887165237578,0.3264333088392659,False
43,40,0.14963962143603177,0.32898461002144286,False
43,41,0.14315815936729928,0.34126168323196815,False
43,42,0.14019765564335782,0.3672329421820229,False
43,43,0.14577900793093237,0.3473642016897413,False
43,44,0.15029375526923966,0.3798838314198741,False
43,45,0.1405088240557808,0.3475533133185866,False
43,46,0.14294948960751788,0.38354562672135506,False
43,47,0.19320194002515423,0.3164691224799458,False
43,48,0.19071544851800803,0.3052938638339509,False
43,49,0.13994759674736498,0.3448727125435929,False
43,50,0.1350038308515186,0.3420447858389772,False
43,51,0.12677264281537057,0.30281136983072227,False
43,52,0.14079625632672932,0.3400928874077455,False
43,53,0.16251312820230415,0.38183843146283175,False
43,54,0.13666713428478516,0.3405189088321448,False
43,55,0.13537179311382178,0.330246429340133,False
43,56,0.15678430936623236,0.3454863451366723,False
43,57,0.1318859726977657,0.33074131791579514,False
43,58,0.12628589794778047,0.3307140318332148,False
43,59,0.11970721107757355,0.3413439127457704,False
43,60,0.1381245539468051,0.34680635469151055,False
43,61,0.12105718444303253,0.28141907979139436,False
43,62,0.12868001837209606,0.3515062521034518,False
43,63,0.11024159643761978,0.3267860218059941,False
43,64,0.12291312909419642,0.27237199421064257,True
43,65,0.13157237357434762,0.32039562498046353,False
43,66,0.12057598661433931,0.3147665851607148,False
43,67,0.13974248351810267,0.3211809413919859,False
43,68,0.11422736800619364,0.3476151817783477,False
43,69,0.12380824221279228,0.361248276881891,False
43,70,0.11965387829465046,0.357541605705995,False
43,71,0.1154061849031046,0.35342963487768214,False
43,72,0.11456264970405726,0.35138967843388985,False
43,73,0.11392698475420067,0.3613216714148266,False
43,74,0.11396330151460954,0.34482908965514913,False
43,75,0.14562464646862838,0.26550500539419347,True
43,76,0.12930565961961615,0.32183817764111783,False
43,77,0.1163829851605764,0.34204849487456523,False
43,78,0.11911535471335871,0.37602205298848146,False
43,79,0.10511868475817983,0.3475429633542551,False
43,80,0.10449488643861159,0.3584829472719648,False
43,81,0.1071291550089798,0.3335581481068415,False
43,82,0.10314382961298835,0.2954582874882379,False
43,83,0.11362355614963582,0.34521742892084756,False
43,84,0.13855438919859256,0.3579588994890092,False
43,85,0.1243791120052437,0.2791681047989383,False
43,86,0.11192047837989733,0.3550930151048612,False
43,87,0.1042008486589408,0.3727241091979679,False
43,88,0.1167315134406028,0.29905390734940224,False
43,89,0.10619651883957587,0.3111753987542392,False
43,90,0.10187249628301163,0.3262252748005829,False
43,91,0.12516819585172154,0.30178539774960944,False
43,92,0.11296241695630004,0.3666767310162084,False
43,93,0.09971706960284271,0.3414975968636909,False
43,94,0.10049900707854463,0.2994809332037449,False
43,95,0.11292019206480967,0.3361282475244654,False
43,96,0.1143692729206211,0.3342825178845632,False
43,97,0.14620449280561595,0.3122924401074502,False
43,98,0.11810007775773984,0.3022501218560166,False
43,99,0.10256916854376734,0.3365999126336012,False
43,100,0.12092859721015674,0.32804307068105715,False
43,101,0.09818485486879852,0.29467535495462915,False
43,102,0.09910640725469312,0.2743940535309989,False
43,103,0.09620563124479327,0.2608251589523547,True
43,104,0.13282499583203425,0.34754615082994006,False
43,105,0.09646695471522036,0.30319162638601294,False
43,106,0.11637337975671952,0.28660144738872384,False
43,107,0.0941984498911159,0.25107800706176475,True
43,108,0.09323047482851908,0.3336301403587259,False
43,109,0.08656323581296023,0.32074810102258433,False
43,110,0.11071063545126143,0.33894933241782943,False
43,111,0.1223004689017041,0.26294028560956045,False
43,112,0.11098256709598736,0.35858937040581385,False
43,113,0.10086421565188293,0.2795891655375945,False
43,114,0.10341059223696525,0.28918100777091843,False
43,115,0.10528380182388597,0.2639565488076477,False
43,116,0.091088580101972,0.3577889576013537,False
43,117,0.09467676871827425,0.3026456071894443,False
43,118,0.09400216682463863,0.3436095636009185,False
43,119,0.12709076570535313,0.3746012571843848,False
43,120,0.09364722210355458,0.31395397371882455,False
43,121,0.08945563117704917,0.29967509345037935,False
43,122,0.09976108674966278,0.35868799980882,False
43,123,0.10214335856872447,0.36348205735419387,False
43,124,0.1342783100889262,0.3219564599859744,False
43,125,0.10147752592332353,0.29382790630250816,False
43,126,0.09815777327885981,0.3592595698634968,False
43,127,0.09346194314110857,0.29198278042410025,False
43,128,0.086823685346822,0.3111171606817283,False
43,129,0.08999955256743385,0.3496503010588807,False
43,130,0.12047003080322982,0.37620327043609564,False
43,131,0.1066166330108651,0.3580944735725402,False
43,132,0.09541603871438202,0.33205596226930295,False
43,133,0.11352364147569087,0.37938428189246637,False
43,134,0.0836412144674752,0.29695532624765564,False
43,135,0.08961261485326162,0.340363779869437,False
43,136,0.1043493271162243,0.3524472190474859,False
43,137,0.10558881174951106,0.2635314263537599,False
43,138,0.09219909383832463,0.2846636667032834,False
43,139,0.08801746439658326,0.3097075848638484,False
43,140,0.08913996327240425,0.30133198380473747,False
43,141,0.09011946102326983,0.31472518147218514,False
43,142,0.09643203858623929,0.36601943949051946,False
43,143,0.09000449323035219,0.3396065441952458,False
43,144,0.08773830183785146,0.34103370499169544,False
43,145,0.08149383952888711,0.3553344299890073,False
43,146,0.0888307207937394,0.3733779932993158,False
43,147,0.09145095505314756,0.28965417858051073,False
43,148,0.0821696402674608,0.34394635647319244,False
43,149,0.09799001705009229,0.31574701343231043,False
43,150,0.08394852845473144,0.35861749879712973,False
43,151,0.09024730191981262,0.34805330527482975,False
43,152,0.08880078189409252,0.34277560286464653,False
43,153,0.09750987953378942,0.34781713333954206,False
43,154,0.09489609672400766,0.31999964186810553,False
43,155,0.10135556419092495,0.40778673416447714,False
43,156,0.08596662207417187,0.28631295867099743,False
43,157,0.09777723067670215,0.3357311451668196,False
43,158,0.10478965761353752,0.2872578451926262,False
43,159,0.10200825435526346,0.34987902603893656,False
43,160,0.09822771953740224,0.32772515282478554,False
43,161,0.08419617570871274,0.2930533975790333,False
43,162,0.08073305255218995,0.3564455295028735,False
43,163,0.10236466693084295,0.35324951396564924,False
43,164,0.10288738717309125,0.3262095539840711,False
43,165,0.08122062713426538,0.31885732245451565,False
43,166,0.0964101734166125,0.31808834402319613,False
43,167,0.07990027203482461,0.32198001994144143,False
43,168,0.10097059976361328,0.31767753567322793,False
43,169,0.08004416550352568,0.31845692650801277,False
43,170,0.10473674260107936,0.29244682341015515,False
43,171,0.1058551499699094,0.3086695222889367,False
43,172,0.08370898134578926,0.26013094550025023,False
43,173,0.08871800765904587,0.37733026586405166,False
43,174,0.0904632653073879,0.26423057370558184,False
43,175,0.09947854273968014,0.34495426928082645,False
43,176,0.08317075715162613,0.38125058986386695,False
43,177,0.08597991610872353,0.36559240096549206,False
43,178,0.08055117877904011,0.3217332405683756,False
43,179,0.08367289981316865,0.3649529017729156,False
43,180,0.11133557940398996,0.3601294928007764,False
43,181,0.08636792404452363,0.32757388839869683,False
43,182,0.08189961459674915,0.3795707802099546,False
43,183,0.09156594037783296,0.3252133780347333,False
43,184,0.08945100159691462,0.39532736984087274,False
43,185,0.07831488836207066,0.30081781200585705,False
43,186,0.10117594722154237,0.401020203388692,False
43,187,0.08177900941866191,0.30029469690453436,False
43,188,0.08542692124110395,0.3180706265162848,False
43,189,0.07572386913128319,0.341256583708726,False
43,190,0.08955319417976602,0.250594680939897,True
43,191,0.08771457939256956,0.2907726614606702,False
43,192,0.07681210179282814,0.38134599041969247,False
43,193,0.0861607062751185,0.3873323694771336,False
43,194,0.10088350021783525,0.3600098579753865,False
43,195,0.08947906930267048,0.37938482475182206,False
43,196,0.08456113521523816,0.37030686602645635,False
43,197,0.08466835542661866,0.3146209755930965,False
43,198,0.077323695796897,0.3576120668428489,False
43,199,0.08249771605077431,0.31671360906847323,False
43,200,0.07892234134656599,0.37051271287137416,False
44,1,0.3746336323312163,0.5947309832355343,True
44,2,0.28774022699094287,0.4555089218508017,True
44,3,0.2767311918481375,0.4423121540520922,True
44,4,0.269063542751555,0.4023939381592346,True
44,5,0.2523563342157306,0.4318248929344814,False
44,6,0.27653958824435343,0.5095211817198549,False
44,7,0.24274067194350932,0.37874717022056253,True
44,8,0.2394728225238655,0.4156179642025002,False
44,9,0.2229848647209287,0.39431965831577204,False
44,10,0.21286534189381132,0.44065148127643416,False
44,11,0.20157384050450697,0.4267804762150578,False
44,12,0.2309289059309254,0.39891634360000666,False
44,13,0.21986655904038166,0.37000706819695983,True
44,14,0.21378601214255902,0.36939142839939637,True
44,15,0.2061576986493039,0.36698345777985275,True
44,16,0.2043609301907027,0.3434971450150707,True
44,17,0.18600769900287237,0.349750380799081,False
44,18,0.23499298910571398,0.42595689438000955,False
44,19,0.1806982333364194,0.33453981204273536,True
44,20,0.184055285291601,0.3241486072593328,True
44,21,0.2061919285305617,0.3272908606185636,False
44,22,0.17949048377608223,0.35156076680172,False
44,23,0.17444565771413348,0.3504686112723278,False
44,24,0.19944837301416218,0.3273109634867804,False
44,25,0.1991272513971515,0.35639490098616516,False
44,26,0.17967195984355178,0.4170772426183078,False
44,27,0.1849206942270142,0.35171812002538877,False
44,28,0.1729012816112209,0.3422249221889664,False
44,29,0.14876632503070186,0.36370278506940085,False
44,30,0.17410791371687032,0.3503371270080356,False
44,31,0.14568931109104544,0.3350440297616704,False
44,32,0.16295641917407297,0.3737350133378052,False
44,33,0.16384837460770107,0.3836388149294241,False
44,34,0.15376761216711224,0.34880435940692994,False
44,35,0.16272328876419914,0.368010279066995,False
44,36,0.17378540919948185,0.35019020139417384,False
44,37,0.17373208263941284,0.365455126250398,False
44,38,0.22249995988097412,0.34467178067442056,False
44,39,0.15511550621685266,0.3665733269778822,False
44,40,0.16853841639346792,0.34774664585028936,False
44,41,0.16156507055101502,0.37642007753904383,False
44,42,0.13585619195504253,0.3557158878243667,False
44,43,0.13628948318615555,0.3322318217017319,False
44,44,0.14026748703002231,0.3468142009257052,False
44,45,0.16992711268374858,0.36258668860747895,False
44,46,0.18399976329178167,0.41665806816297973,False
44,47,0.14162061827868666,0.3515290720243511,False
44,48,0.1698673287517796,0.4003665877292035,False
44,49,0.13560254232364174,0.3590117259258965,False
44,50,0.12853454938462805,0.36013924850650203,False
44,51,0.13984447961425553,0.34664382822270023,False
44,52,0.1419079721664556,0.34960153224618756,False
44,53,0.147773814989695,0.35662919971570134,False
44,54,0.13875978401749237,0.3569308499261263,False
44,55,0.13027477452588523,0.3498592708265853,False
44,56,0.11809542919083722,0.32357153655076965,True
44,57,0.14420958742826084,0.34138416002924404,False
44,58,0.12743338242296745,0.3497888198127917,False
44,59,0.17705756864243105,0.34595861648175563,False
44,60,0.15190070905895725,0.36679752984982517,False
44,61,0.19821443189793184,0.3657620166934799,False
44,62,0.13049730256303638,0.3243474382215176,False
44,63,0.12605422077158032,0.3374508509939927,False
44,64,0.1266696537625242,0.35959970385463835,False
44,65,0.12464603982076113,0.34197920999253006,False
44,66,0.13077313288804102,0.3564857232399308,False
44,67,0.137408006386284,0.3447264829153043,False
44,68,0.12336754695783152,0.3626769997124862,False
44,69,0.1321048946654113,0.32414829343409585,False
44,70,0.12102347715797641,0.32600010230515236,False
44,71,0.11960146431916337,0.29919534106982015,True
44,72,0.1259328967283672,0.31517003598752363,False
44,73,0.129997162356766,0.35925185314422364,False
44,74,0.1631622845288734,0.3206024697855239,False
44,75,0.18542877232508,0.34058769293203045,False
44,76,0.132081714621011,0.35024788169857235,False
44,77,0.11964772950131886,0.3530478009306281,False
44,78,0.14234997732942112,0.3311374141713607,False
44,79,0.1797803060794697,0.3474426580163155,False
44,80,0.112460826903932,0.3488161477547486,False
44,81,0.11355553228274269,0.3465209746212201,False
44,82,0.11906304628117553,0.33886409527264766,False
44,83,0.1195154183174967,0.32541457603628887,False
44,84,0.13356159250601082,0.34124419104031184,False
44,85,0.11285724597812306,0.32854051751876684,False
44,86,0.11015932055836064,0.363315727124762,False
44,87,0.12801524959702393,0.31446034590179767,False
44,88,0.13062583112469395,0.30769209527352576,False
44,89,0.1232436328810498,0.30969211040272815,False
44,90,0.10873209926110745,0.3424766680938707,False
44,91,0.11984180484672474,0.3488422163719245,False
44,92,0.11220800734311927,0.33792425717116253,False
44,93,0.12999367618078106,0.3519104231268331,False
44,94,0.12226462194656444,0.3432547503978442,False
44,95,0.10984429289682396,0.32921559063806966,False
44,96,0.10771875710694388,0.32858982492248456,False
44,97,0.11104575362442444,0.3417285874057658,False
44,98,0.1038681768987504,0.3452927001533843,False
44,99,0.128536117307711,0.38817539588606026,False
44,100,0.12691995225743258,0.37139924270954583,False
44,101,0.10877666456221106,0.3896710806022812,False
44,102,0.10428340067576691,0.3205064434133381,False
44,103,0.10472606304644548,0.34459844795057987,False
44,104,0.11383404530967693,0.3149684309167894,False
44,105,0.11596921436884251,0.36246926998251744,False
44,106,0.10598184039175366,0.33459255158892504,False
44,107,0.10785763361465751,0.34059820674821006,False
44,108,0.11514826391214895,0.33289306674598435,False
44,109,0.09937765883545939,0.34892593481151096,False
44,110,0.10378204587021463,0.3416244409302564,False
44,111,0.11151484983179415,0.33089164546505784,False
44,112,0.1192214175767552,0.39185453371359463,False
44,113,0.10210418032705902,0.3365020140830608,False
44,114,0.10774800727833979,0.3425372319575975,False
44,115,0.09929217345014414,0.3232468241618745,False
44,116,0.10552885597081059,0.3367204030605833,False
44,117,0.11412871944817839,0.360932899351556,False
44,118,0.09925723647958319,0.35475766294765204,False
44,119,0.11291587107621892,0.321186185091591,False
44,120,0.11498892597636327,0.36055282880118567,False
44,121,0.09809236511152893,0.30871869171400873,False
44,122,0.09779521829307036,0.3237727293685374,False
44,123,0.11088716405313959,0.3080141425064195,False
44,124,0.10095798806570282,0.32106558890662534,False
44,125,0.0990768096299175,0.3578673901481218,False
44,126,0.11765542500845606,0.3706760815795491,False
44,127,0.09919110159001678,0.3470824316374062,False
44,128,0.09790064174474515,0.32669449129469547,False
44,129,0.09342273671810587,0.3234265893149067,False
44,130,0.09645810335526252,0.3443866825699938,False
44,131,0.1071347767480954,0.37984107785850596,False
44,132,0.09159450339355268,0.34129362314478634,False
44,133,0.10127561198071472,0.3533086221678188,False
44,134,0.09320575515490576,0.3278886973914524,False
44,135,0.10229254811572557,0.34208832201975065,False
44,136,0.11095494174911918,0.3288576016236662,False
44,137,0.10303496802735523,0.34275125350765406,False
44,138,0.13010218457451952,0.3243042195921785,False
44,139,0.09232942100422409,0.32563459537212197,False
44,140,0.10008706217544498,0.3821821022257255,False
44,141,0.10194038191837014,0.34147315737671624,False
44,142,0.11044869124787958,0.35952829861644425,False
44,143,0.09184296571215744,0.3594433333902373,False
44,144,0.09110204480177368,0.33666833915397315,False
44,145,0.08697466217875433,0.33680959998858334,False
44,146,0.1026842916253914,0.3452425313479484,False
44,147,0.09661731683785656,0.3288017262195219,False
44,148,0.15667927137440452,0.3299689878653576,False
44,149,0.09995311761388796,0.29784999574929566,True
44,150,0.08827794167999375,0.3238097315476902,False
44,151,0.09371460288917483,0.35799275431062844,False
44,152,0.0978309871777223,0.3285977572757131,False
44,153,0.14041000219537514,0.3578469981589314,False
44,154,0.0897927341938093,0.36160186683780265,False
44,155,0.09000802936776425,0.3389897157577964,False
44,156,0.11000441138522797,0.35376442511308825,False
44,157,0.088237310450528,0.3529856344583093,False
44,158,0.0994083561373537,0.36699187876094475,False
44,159,0.09505926784281767,0.34381254733577443,False
44,160,0.09317114615544404,0.3782838401002928,False
44,161,0.10564211134264483,0.3754589091973239,False
44,162,0.09762202519210604,0.36283950592584197,False
44,163,0.11427753182954074,0.32374833009602016,False
44,164,0.10727785607102021,0.37352390200189456,False
44,165,0.0904239666547304,0.34372735294607404,False
44,166,0.08471155025258081,0.3584457199411338,False
44,167,0.08521195975483659,0.3245930586099677,False
44,168,0.11226700242179467,0.30360791189237885,False
44,169,0.08878216159080964,0.326891630613174,False
44,170,0.1026684643309879,0.3413193477433885,False
44,171,0.09797038709682716,0.3568858101479599,False
44,172,0.08217328652155025,0.34187927706982296,False
44,173,0.08812445065846412,0.3584189906059026,False
44,174,0.09258181956268767,0.355772356656532,False
44,175,0.08149246081124017,0.3634299559565284,False
44,176,0.10126727672357021,0.38602860863683625,False
44,177,0.08125853266733433,0.37241189455846185,False
44,178,0.08730415548269498,0.36911697526477244,False
44,179,0.09603966908891588,0.3804324867193114,False
44,180,0.08795316523007597,0.33417637114759974,False
44,181,0.09469650642799203,0.35560214423198727,False
44,182,0.0764295105868281,0.3592673568505886,False
44,183,0.07931871660582969,0.34312913807306744,False
44,184,0.13160995640542983,0.37689230380980215,False
44,185,0.08742391991548493,0.35987857147820973,False
44,186,0.08415248111406985,0.34664919222958995,False
44,187,0.08253586248643217,0.3458846107082292,False
44,188,0.08201765133408541,0.31637162759227316,False
44,189,0.08571249206356563,0.35180863159687875,False
44,190,0.08893949926146745,0.34686836255030545,False
44,191,0.08375089988875088,0.34417388330267346,False
44,192,0.09624924199173646,0.3692973230612577,False
44,193,0.10059442939873038,0.3428125321395506,False
44,194,0.08573226635411256,0.36360957879231265,False
44,195,0.07915464810466759,0.3607520891188962,False
44,196,0.09181841695017999,0.3896924318094146,False
44,197,0.09067938933825331,0.3521616321964216,False
44,198,0.07444458351133018,0.3303095812032825,False
44,199,0.08642269495837059,0.32638683987611533,False
44,200,0.0934036869568088,0.33451239148812645,False
45,1,0.39098740541222393,0.48425279164135,True
45,2,0.29826378276447957,0.46240137145008003,True
45,3,0.36546665100507875,0.4272147119588829,True
45,4,0.2870774261832442,0.36132261260351967,True
45,5,0.27261544648002817,0.3984841427645817,False
45,6,0.24363925465491063,0.4651367581797421,False
45,7,0.24771397875513268,0.353124065868544,True
45,8,0.20124990034338472,0.38084020269551816,False
45,9,0.30175236290333074,0.3663968606518983,False
45,10,0.20995527804631667,0.3907856736388207,False
45,11,0.2529403587637127,0.32038974768704975,True
45,12,0.26258527404243964,0.4790359793297993,False
45,13,0.19658646050031733,0.3338331219281145,False
45,14,0.20787467343663055,0.3860410692398914,False
45,15,0.17712513118874132,0.317574362533536,True
45,16,0.17430553560122386,0.353825681914566,False
45,17,0.18937384052784834,0.3813174962420213,False
45,18,0.17426124575098467,0.33380933848463895,False
45,19,0.16416207960642887,0.3528878316818341,False
45,20,0.19759226069678082,0.35951848226959604,False
45,21,0.1715537250032465,0.3323850609234975,False
45,22,0.21211570159279192,0.34375941543455074,False
45,23,0.16670428337396373,0.33467103376843377,False
45,24,0.17583303987084375,0.3521131026385136,False
45,25,0.19940459933708118,0.32557367857773606,False
45,26,0.2007219376290592,0.36020464648293266,False
45,27,0.1518229756911255,0.3692648673175911,False
45,28,0.17568367606860644,0.37357873962996346,False
45,29,0.19300011213683332,0.3902333759919925,False
45,30,0.16008847320011463,0.2958385820278811,True
45,31,0.18408512924740286,0.39462469876847367,False
45,32,0.15655412412824007,0.3398374517626481,False
45,33,0.24997772025225184,0.36642114484178784,False
45,34,0.16618650368706855,0.39137936634287745,False
45,35,0.17655642813213102,0.3723655998101348,False
45,36,0.1527833600374857,0.35669176256693674,False
45,37,0.14713056352351397,0.33271274361766034,False
45,38,0.16913090097573716,0.36230332731922305,False
45,39,0.14763644082080493,0.3396490694219385,False
45,40,0.15234788814260744,0.38732847273361976,False
45,41,0.13281253547395538,0.3712050115943888,False
45,42,0.14782808755668228,0.3762750547135658,False
45,43,0.14778238551854722,0.36397085322233363,False
45,44,0.16501365364113027,0.36357073805032075,False
45,45,0.13055789630939427,0.40368296338960624,False
45,46,0.13285242288673774,0.3327921002308611,False
45,47,0.1518015780897619,0.363734703932782,False
45,48,0.14221430187681458,0.40100949838590433,False
45,49,0.16015664937366972,0.3693883570933065,False
45,50,0.12548959826821146,0.3653938080718522,False
45,51,0.14014305355930767,0.40186684164888753,False
45,52,0.1480950907978054,0.36431392136573715,False
45,53,0.11998181611420307,0.3379537323303581,False
45,54,0.12419190184490801,0.3621300152254317,False
45,55,0.14319323738263598,0.37956362924735537,False
45,56,0.1313631565655552,0.36022426457129103,False
45,57,0.1358853763268337,0.30556413970515345,False
45,58,0.12559336082938002,0.3533700030622822,False
45,59,0.1164185204021803,0.3661258438763406,False
45,60,0.12401165464777786,0.33171476351928153,False
45,61,0.13245900167660732,0.323140149236764,False
45,62,0.156350532426188,0.3034398637630478,False
45,63,0.11741306359468327,0.3610345891105405,False
45,64,0.12709461775656788,0.34690048233539744,False
45,65,0.12732190930867496,0.29899856192318247,False
45,66,0.14112226848164736,0.3460462052223516,False
45,67,0.12475360990161345,0.35858565283039684,False
45,68,0.1568560646999296,0.36618878885154316,False
45,69,0.11985767249960498,0.3315879970379214,False
45,70,0.11955211733092784,0.34575892620921556,False
45,71,0.1201322339385068,0.33169328969208683,False
45,72,0.12095078307818626,0.35398547768311533,False
45,73,0.15594681983755168,0.3471330653073004,False
45,74,0.1370176112744164,0.3602386920628,False
45,75,0.11867072325393463,0.33761785932018956,False
45,76,0.13354332388010579,0.35765952925242916,False
45,77,0.11342520965602458,0.3423292627046938,False
45,78,0.11959785790979861,0.3373718006786961,False
45,79,0.1503788038333079,0.357754691092703,False
45,80,0.10428464532634525,0.33161523013228655,False
45,81,0.11881875436489177,0.34984127252598274,False
45,82,0.1093603510053201,0.34830664665285066,False
45,83,0.11982059426942086,0.3194703879497381,False
45,84,0.12103735660257799,0.2806553460230063,True
45,85,0.10576332314165,0.37186882902559687,False
45,86,0.11087881418114248,0.3027254828683937,False
45,87,0.10437695934740297,0.3376574857283756,False
45,88,0.10222535122508207,0.34341111315680134,False
45,89,0.09542795015234416,0.3431550701394526,False
45,90,0.11639516256278137,0.34329981687309735,False
45,91,0.10726182235524334,0.3635191783579061,False
45,92,0.10340985942688687,0.2965380361160676,False
45,93,0.10953010395823964,0.3310255331528409,False
45,94,0.09705709691368515,0.33100227342063504,False
45,95,0.10862658533691792,0.3462514590882762,False
45,96,0.11690438494667878,0.35976325366883016,False
45,97,0.11853169965673005,0.3520953706079027,False
45,98,0.09757230266322259,0.34502671311511324,False
45,99,0.1025288427007361,0.33923199195125503,False
45,100,0.12847353450886204,0.3430993266074093,False
45,101,0.10925913521043111,0.32758292280888196,False
45,102,0.09862663070688732,0.29929677122169246,False
45,103,0.10564694704294807,0.30243267679876934,False
45,104,0.10008506388743732,0.36979137518001326,False
45,105,0.10819436329149103,0.2820519420350073,False
45,106,0.09635720336072158,0.333461012572759,False
45,107,0.097186580086412,0.34639066386017614,False
45,108,0.13762729212814936,0.33844320488014196,False
45,109,0.10136003436181877,0.36229437204807274,False
45,110,0.09260849526936625,0.3301427772796121,False
45,111,0.10293979404777483,0.3442069150668828,False
45,112,0.10532723731196546,0.3641635545194739,False
45,113,0.10487778985754237,0.3638202648225817,False
45,114,0.10759441441657012,0.3491178163226772,False
45,115,0.08977848235937108,0.33430900392719254,False
45,116,0.10306034488351917,0.3662337270611855,False
45,117,0.10940935807583259,0.32646774596688394,False
45,118,0.1044972596746744,0.3288809780121305,False
45,119,0.08391038376855475,0.3048296783909062,False
45,120,0.09687574627026695,0.3158300981634811,False
45,121,0.10424506332181965,0.3243419092817793,False
45,122,0.10046225311162793,0.34473562329935287,False
45,123,0.0956858474143756,0.34764549540650763,False
45,124,0.09702884541612043,0.3410837100519563,False
45,125,0.08859862719741383,0.3385438565524986,False
45,126,0.08393563393688207,0.3528865104698707,False
45,127,0.09270370041400226,0.3533596273616568,False
45,128,0.10276151484487717,0.3541844505092866,False
45,129,0.09973831164082925,0.3418154065738978,False
45,130,0.09695818711029351,0.3348760230322368,False
45,131,0.10142457704845637,0.3049773301249406,False
45,132,0.09172360946845882,0.3116514838148274,False
45,133,0.10229722533494623,0.34927459928339305,False
45,134,0.08665247796777746,0.33067352113986004,False
45,135,0.09948149213328812,0.3411311345608225,False
45,136,0.08633567908436339,0.31996295787826007,False
45,137,0.11762717983006292,0.36884527712318055,False
45,138,0.10676911599593786,0.34331782466058747,False
45,139,0.09742910848432836,0.30189199426423025,False
45,140,0.08612737176835698,0.32987128300844715,False
45,141,0.09018102099828736,0.3591974242574703,False
45,142,0.10411122347654382,0.299268913824394,False
45,143,0.09699678576038613,0.3343419001065377,False
45,144,0.10846997520472908,0.33906636272587365,False
45,145,0.09653202451124532,0.30455596654302763,False
45,146,0.09018092699441975,0.35741428759006905,False
45,147,0.09364994455706237,0.3422570722822355,False
45,148,0.11067851851309403,0.3474386432188233,False
45,149,0.10874094196438076,0.36010901842211646,False
45,150,0.10262127702017088,0.34398348113393123,False
45,151,0.13573638723793843,0.4330867382220465,False
45,152,0.08897405906034168,0.33233818581132524,False
45,153,0.1080607886005468,0.3456335500588998,False
45,154,0.09056880468269596,0.3529101202758919,False
45,155,0.0849185606007035,0.35760889028970716,False
45,156,0.09272001551154829,0.3565380210325601,False
45,157,0.10642100428355104,0.33947326936038674,False
45,158,0.09125456981924224,0.3462432433179274,False
45,159,0.0820155730916874,0.33830043700729245,False
45,160,0.10147368403817071,0.36502928688670805,False
45,161,0.09486617035720298,0.3325379023852609,False
45,162,0.08785045161950245,0.3775865894313431,False
45,163,0.09063313849588768,0.3682734970618637,False
45,164,0.08710851949295668,0.36604141526516926,False
45,165,0.09466492628530747,0.3502532937577382,False
45,166,0.08406713056882899,0.33759699258696235,False
45,167,0.08405273008959825,0.3394574824113123,False
45,168,0.09744860691343037,0.3815397681671033,False
45,169,0.08833153645331976,0.3461105465908405,False
45,170,0.08948020242842251,0.3346232561252627,False
45,171,0.09049277784133664,0.31777396488523063,False
45,172,0.10623655656757407,0.3711489243643582,False
45,173,0.07870391506325454,0.33741707982132096,False
45,174,0.0961738834054126,0.3157333076990374,False
45,175,0.09697580065183807,0.3752596661047802,False
45,176,0.08995293947503309,0.3679539806085487,False
45,177,0.09156080369555462,0.3484985371718748,False
45,178,0.08364209486086589,0.32523186923989755,False
45,179,0.08080045431712739,0.3136679334950138,False
45,180,0.09080777430662894,0.34590063634385343,False
45,181,0.09749350213616204,0.3307899913744824,False
45,182,0.09118592821108905,0.38082757922934274,False
45,183,0.07665963879591148,0.35584521610559355,False
45,184,0.10480741850399439,0.3441660821857065,False
45,185,0.0845302241495126,0.3357913009467049,False
45,186,0.08219564473091347,0.3424869571681975,False
45,187,0.10082136692282845,0.34756013682703807,False
45,188,0.08131405140719274,0.3698066854199291,False
45,189,0.08468584933780166,0.3997199453598434,False
45,190,0.0934944192236216,0.3620282436775482,False
45,191,0.0898248073815426,0.3557171143698669,False
45,192,0.09978833736147374,0.35202390571131364,False
45,193,0.08984945739633432,0.3602962850352562,False
45,194,0.07932874942420463,0.3339276404386767,False
45,195,0.07890815549106911,0.3241619047391204,False
45,196,0.0766491304243727,0.356435434435496,False
45,197,0.0804537310590053,0.34211989941718296,False
45,198,0.10956363904648275,0.4824597897466399,False
45,199,0.088802307434249,0.3770973200349416,False
45,200,0.09533372942615785,0.3657053189916062,False
46,1,0.3928783944575814,0.5143062667442434,True
46,2,0.36355779725407017,0.6181620124702635,False
46,3,0.26053602452377583,0.3786234714830717,True
46,4,0.23692590538511785,0.42385241700267356,False
46,5,0.23555808967747371,0.38025007018786444,False
46,6,0.2763044465718916,0.3730823788323517,True
46,7,0.20766531770596752,0.3558526814108951,True
46,8,0.19829024715145852,0.36128816947513,False
46,9,0.19174861412456215,0.3499441390710523,True
46,10,0.218653053214012,0.4173142007294877,False
46,11,0.2021195046755951,0.3660336330686074,False
46,12,0.21419058616167455,0.3528221239698532,False
46,13,0.19497367725666848,0.32135416625084096,True
46,14,0.187235448247301,0.38853336150678147,False
46,15,0.20337456849838795,0.3785589231470974,False
46,16,0.19098179696051476,0.31603639681138157,True
46,17,0.19603615719318865,0.3360662742819478,False
46,18,0.1759320206677806,0.3614466887289843,False
46,19,0.18491370459240028,0.37170839221974455,False
46,20,0.19625485630322828,0.36920831443885377,False
46,21,0.17487525308148433,0.3449536906234869,False
46,22,0.17720120279748644,0.37408536761547984,False
46,23,0.19361534306440434,0.36778855534046606,False
46,24,0.18050462644618814,0.33972437428085794,False
46,25,0.18262343032237624,0.37789115678040947,False
46,26,0.15715996349689185,0.34051427444481125,False
46,27,0.16553587560089247,0.35244668137571816,False
46,28,0.16407962250163688,0.3620947304831829,False
46,29,0.19654787966012277,0.34844890582922705,False
46,30,0.1602449805220908,0.3485151442233095,False
46,31,0.15591836297291908,0.34793019308710055,False
46,32,0.18267782691529652,0.29602891041905394,True
46,33,0.1613633645374191,0.3361990825318086,False
46,34,0.13428911871332624,0.3526884088681593,False
46,35,0.13206596666391537,0.36399789456582266,False
46,36,0.13793878436904136,0.3509563890419111,False
46,37,0.14726968001182758,0.34903731766054297,False
46,38,0.14358475534491424,0.34527731812505563,False
46,39,0.15896229275293058,0.40523748095107565,False
46,40,0.12898455947505874,0.3468970125848963,False
46,41,0.19339709194551946,0.36043105420483434,False
46,42,0.16404158973541116,0.3265336922202391,False
46,43,0.1342818917964426,0.3862959658242349,False
46,44,0.1262185808612689,0.3688570791433461,False
46,45,0.13736527505288962,0.35977403053433527,False
46,46,0.15152381451695301,0.4192719510942626,False
46,47,0.14145605493252564,0.410048928271496,False
46,48,0.13632483966849032,0.3715542399866643,False
46,49,0.14361388739735423,0.3294684655143309,False
46,50,0.15088217847415084,0.38173445211754037,False
46,51,0.1408682891910838,0.30018076484044837,False
46,52,0.13062420008548384,0.38396207373252395,False
46,53,0.11614889937181118,0.3542402591317613,False
46,54,0.14966113515667062,0.35276824435438603,False
46,55,0.12591807607434416,0.34040540185045337,False
46,56,0.11640170746923613,0.3453364033516688,False
46,57,0.11430446363231767,0.33665103839090643,False
46,58,0.1263059267434796,0.33961756321404873,False
46,59,0.1121333189041706,0.3761954173185747,False
46,60,0.14693417767761685,0.3419355770453966,False
46,61,0.1392135365907835,0.3227895803571645,False
46,62,0.11512436025175338,0.33768327123108327,False
46,63,0.11210377031673259,0.3438704241445436,False
46,64,0.1423862811420272,0.3608952700671964,False
46,65,0.12386450189040858,0.3564473608220975,False
46,66,0.1350855910851023,0.35768235376031243,False
46,67,0.150439402857628,0.4110269862628202,False
46,68,0.12592665304583514,0.35382664339364905,False
46,69,0.10082542710835529,0.3503060787712439,False
46,70,0.11229148823873236,0.36621518558624117,False
46,71,0.11083325412102867,0.33586520644558754,False
46,72,0.10893236098117141,0.3453343029095766,False
46,73,0.13354966937114188,0.35585606974342027,False
46,74,0.10980575847239177,0.3368480887110394,False
46,75,0.12121562162979964,0.33257751826219467,False
46,76,0.12897623879034326,0.36044250172644365,False
46,77,0.11097198911534055,0.34337175469561076,False
46,78,0.10581501210783201,0.3550018364945244,False
46,79,0.12570368046126157,0.36507614118815807,False
46,80,0.11756511649885666,0.32256164423740047,False
46,81,0.10655121713292588,0.38447195846468224,False
46,82,0.11673991630820972,0.3488762458821965,False
46,83,0.11322324543023722,0.32284200868087837,False
46,84,0.11404145750728738,0.3348494883595288,False
46,85,0.10899569214716938,0.31588431604253214,False
46,86,0.11311231274005029,0.3556916887401149,False
46,87,0.15199611075070144,0.34711265143278786,False
46,88,0.1062247586171482,0.3286752860575393,False
46,89,0.1075197409625989,0.3353156116879643,False
46,90,0.10997915499134635,0.36556049822724296,False
46,91,0.11079565659094714,0.3506764513324299,False
46,92,0.11658533448106949,0.3798133300667627,False
46,93,0.10042928191265388,0.33857641369504526,False
46,94,0.09553104561635722,0.33848127151605584,False
46,95,0.0948683083464149,0.3362353299854836,False
46,96,0.10438488742174688,0.30639147741922446,False
46,97,0.11902348825242931,0.3372113214973858,False
46,98,0.10366409766858699,0.2963850085081751,False
46,99,0.13028169397113812,0.31653762399602936,False
46,100,0.10400465196474638,0.3244241359090695,False
46,101,0.11902752033559298,0.35480569204869733,False
46,102,0.10253173075294399,0.37708501734956723,False
46,103,0.09639870510683429,0.3423339610010523,False
46,104,0.10856764058174588,0.39337834918841136,False
46,105,0.10614398559396114,0.34208927509391324,False
46,106,0.09527831886028892,0.3387797332287325,False
46,107,0.10456601662083258,0.33284484114810226,False
46,108,0.10042364375711088,0.37028939768867747,False
46,109,0.10635001602532997,0.3083229831180197,False
46,110,0.09496509120441077,0.3490668857316263,False
46,111,0.13244942657913797,0.34225409119336664,False
46,112,0.10491917967102121,0.36788160536441,False
46,113,0.10335665960233192,0.3527287015242431,False
46,114,0.11050914321857681,0.32577782934913985,False
46,115,0.09719519959228057,0.32439008068973846,False
46,116,0.0992085673205524,0.3138433928451301,False
46,117,0.11759572280232837,0.31777259886325854,False
46,118,0.1043028334848664,0.34001900074449615,False
46,119,0.10456677689073147,0.3456758155610397,False
46,120,0.10096440564335592,0.3310548320386188,False
46,121,0.09202664851008424,0.28474492073776875,True
46,122,0.08808482251254335,0.3271816394586504,False
46,123,0.10230105356392714,0.3123734558889459,False
46,124,0.1018569074966682,0.37464530618422004,False
46,125,0.10271749932076868,0.34248831469267665,False
46,126,0.10097916122612131,0.3455295134935978,False
46,127,0.10741465316601417,0.3616300607850788,False
46,128,0.08761026761233642,0.2974388644022891,False
46,129,0.0894475972736344,0.3250306777111429,False
46,130,0.09918727243334369,0.34820389105315264,False
46,131,0.10582530838239623,0.3425252429318499,False
46,132,0.10084512383646815,0.32004505889413704,False
46,133,0.08947219068572322,0.3371696479191737,False
46,134,0.09045544513418918,0.3404776706700672,False
46,135,0.1229972460111151,0.37681999866547183,False
46,136,0.0909004854372729,0.28149985510653,True
46,137,0.08748760738068774,0.3052459947168143,False
46,138,0.09175871412238445,0.3174757176326033,False
46,139,0.11066112483238998,0.33011205281714023,False
46,140,0.09924632212163766,0.2695177398003708,True
46,141,0.08842338344271555,0.3185689156568963,False
46,142,0.08683243831503394,0.30312360479978745,False
46,143,0.08828097692936306,0.3646786782591134,False
46,144,0.09325787415975763,0.36307116266587824,False
46,145,0.08949668265254052,0.31791386591665377,False
46,146,0.08499176728702572,0.3275971828477862,False
46,147,0.09370857719559449,0.3282813626482836,False
46,148,0.10422216711457126,0.336926823891718,False
46,149,0.08480940539188274,0.3553342694649319,False
46,150,0.09109579594648758,0.3733274618308849,False
46,151,0.08232960083135944,0.348688313833676,False
46,152,0.09525242854524689,0.3409988899240361,False
46,153,0.07920312334926366,0.3233436686837663,False
46,154,0.08342187798881777,0.32156272181665835,False
46,155,0.09294847768696124,0.33571872190571056,False
46,156,0.09772577782845819,0.3141241774556979,False
46,157,0.08422244275684922,0.3058021362119471,False
46,158,0.08727672606049171,0.35271382897560266,False
46,159,0.08504327877831462,0.331482254873182,False
46,160,0.08604602214013374,0.32155641427032994,False
46,161,0.09183717113541262,0.31072013214465466,False
46,162,0.08518907647714578,0.36423994869596094,False
46,163,0.08292854776921171,0.3104090372041312,False
46,164,0.12692846710390246,0.441693806973285,False
46,165,0.08490281325362771,0.33422866340521956,False
46,166,0.09412589413334577,0.33026754403425124,False
46,167,0.08762639771587794,0.3300423225230182,False
46,168,0.09701460932815653,0.3298866648420638,False
46,169,0.08328865800704811,0.3343231495762787,False
46,170,0.0850082307839929,0.3731106156228814,False
46,171,0.09041830205212087,0.3549058532394091,False
46,172,0.09289126404284259,0.34325624406362193,False
46,173,0.0962855990755926,0.3759782575798525,False
46,174,0.09288044403665939,0.3553814597666923,False
46,175,0.08245225121075224,0.3425827540163677,False
46,176,0.11526516712736946,0.3703810432044656,False
46,177,0.0842391933444111,0.32666952943050037,False
46,178,0.07980398801679443,0.35816351848837963,False
46,179,0.09489873960956897,0.39423207875177774,False
46,180,0.07980604714722239,0.33399515232730037,False
46,181,0.08715314492431371,0.3174882227637829,False
46,182,0.09365876704872024,0.3475777412569126,False
46,183,0.08595786315155825,0.3552066562973984,False
46,184,0.0798163425088011,0.3425031883674868,False
46,185,0.10382522560554551,0.34496455228414385,False
46,186,0.08126226766728517,0.319174599448295,False
46,187,0.08456564022268427,0.34524566233630144,False
46,188,0.07427410383582982,0.3357077409283304,False
46,189,0.09208060588004174,0.36399870258116757,False
46,190,0.08807976530564128,0.34474171687006194,False
46,191,0.07215315190277621,0.35683924338198514,False
46,192,0.08080773889370113,0.36050467704227684,False
46,193,0.10009278532422587,0.35371981038748107,False
46,194,0.09001685784577194,0.36343631513122115,False
46,195,0.12326510224362475,0.31560487970103684,False
46,196,0.08363464430282753,0.3199709030412153,False
46,197,0.09577552722627698,0.32214044365394956,False
46,198,0.10374706603503255,0.3924107989163559,False
46,199,0.07933892336097338,0.3479857601560145,False
46,200,0.07432471135434186,0.36653029552003563,False
